sample_id,lon,lat,Collection_Date,climate_method
SRR24061653,-5.31853,41.46242,7/3/18,exact
SRR24061655,-0.66228,40.48681,7/3/18,exact
SRR24061657,-4.11295,55.6217,7/4/18,exact
SRR24061658,12.02472,55.81217,6/4/18,exact
SRR24061660,29.56599,61.53067,6/29/18,exact
SRR24061662,-2.88748,42.72179,7/4/18,exact
SRR24061664,11.7546,42.36783,7/9/18,exact
SRR24061666,-0.02858,42.73694,6/20/18,exact
SRR24061671,2.64567,43.32877,6/19/18,exact
SRR24061673,-0.74711,43.97263,6/26/18,exact
SRR24061675,-7.92681,52.28728,6/18/18,exact
SRR24061677,-3.74581,55.31531,6/20/18,exact
SRR24061679,5.76607,46.19528,6/26/18,exact
SRR24061680,27.88137,64.44953,5/31/18,exact
SRR24061682,-4.04536,50.71509,6/18/18,exact
SRR24061684,26.69409,61.33663,6/28/18,exact
SRR24061686,8.42325,52.5288,7/3/18,exact
SRR24061687,14.29521,48.55431,7/2/18,exact
SRR24061688,-4.33381,40.6941,6/19/18,exact
SRR24061689,-5.66632,42.05045,6/26/18,exact
SRR24061690,17.9035,51.0479,6/29/18,exact
SRR24061692,25.53424,56.00398,6/13/18,exact
SRR24061693,22.17907,60.61784,6/21/18,exact
SRR24061694,12.80833,46.1882,7/2/18,exact
SRR24061695,12.8333,52.81131,5/31/18,exact
SRR24061696,25.79158,56.46809,6/13/18,exact
SRR24061697,26.72291,59.4293,6/18/18,exact
SRR24061698,-1.96839,41.10239,6/25/18,exact
SRR24061699,22.64507,60.19323,6/20/18,exact
SRR24061700,25.69619,60.87753,6/25/18,exact
SRR24061701,25.60887,62.08583,6/14/18,exact
SRR24061702,24.8498,60.43531,6/19/18,exact
SRR24061703,-4.81304,42.87743,6/19/18,exact
SRR24061704,1.17231,45.3515,6/26/18,exact
SRR24061705,-4.81776,55.85179,7/3/18,exact
SRR24061707,0.61923,41.27257,6/18/18,exact
SRR24061708,26.61309,61.40154,6/28/18,exact
SRR24061709,-7.5625,42.10093,6/19/18,exact
SRR24061710,8.77752,44.74014,6/20/18,exact
SRR24061711,3.47902,44.48906,7/3/18,exact
SRR24061712,-0.76891,40.69386,6/19/18,exact
SRR24061713,8.91265,53.00161,7/3/18,exact
SRR24061714,3.30058,44.92988,7/2/18,exact
SRR24061715,1.0031,41.59894,7/2/18,exact
SRR24061716,4.43105,45.30324,6/12/18,exact
SRR24061717,-1.76055,41.27334,5/28/18,exact
SRR24061719,-4.19673,42.28904,6/5/18,exact
SRR24061722,15.62305,44.57765,6/12/18,exact
SRR24061726,24.13786,54.15638,6/15/18,exact
SRR24061730,26.95459,62.73292,6/14/18,exact
SRR24061732,22.06224,53.88765,5/28/18,exact
SRR24061733,22.20342,56.54954,5/25/18,exact
SRR24061735,14.89596,52.92483,6/5/18,exact
SRR24061737,11.37079,46.66666,6/25/18,exact
SRR24061739,-2.29897,37.86188,5/30/18,exact
SRR24061741,-4.36311,48.55593,6/6/18,exact
SRR24061744,9.88054,47.53955,6/4/18,exact
SRR24061746,-2.29186,37.56979,5/30/18,exact
SRR24061748,15.57673,58.53671,6/20/18,exact
SRR24061750,15.10433,44.6947,6/5/18,exact
SRR24061751,12.62914,49.86607,6/13/18,exact
SRR24061753,-4.61609,42.88791,5/21/18,exact
SRR24061757,-0.64302,39.52255,4/20/18,exact
SRR24061759,3.83805,51.53232,5/16/18,exact
SRR24061762,-3.85201,42.50204,5/16/18,exact
SRR24061764,-6.53103,39.60938,5/23/18,exact
SRR24061766,-3.82391,42.48763,5/16/18,exact
SRR24061768,22.50901,62.1432,6/8/18,exact
SRR24061770,8.74604,50.48306,5/23/18,exact
SRR24061772,11.01964,50.07177,5/30/18,exact
SRR24061775,-3.85387,38.72911,5/15/18,exact
SRR24061777,16.11601,41.14654,5/3/18,exact
SRR24061787,1.54754,46.90324,6/4/18,exact
SRR24061788,22.76682,39.35635,5/29/18,exact
SRR24061790,-2.32041,41.89875,5/28/18,exact
SRR24061794,13.10994,48.68388,5/21/18,exact
SRR24061796,9.40372,56.24028,5/28/18,exact
SRR24061799,2.61531,46.81901,5/3/18,exact
SRR24061801,-7.51748,37.62427,5/17/18,exact
SRR24061803,10.29745,55.09096,5/28/18,exact
SRR24061805,-4.07557,37.35648,5/2/18,exact
SRR24061809,14.97485,48.29156,5/29/18,exact
SRR24061810,-0.57967,40.27706,5/28/18,exact
SRR24061812,16.42791,40.4738,5/22/18,exact
SRR24061813,-0.16577,48.62281,8/6/18,exact
SRR24061815,14.82655,46.15207,6/4/18,exact
SRR24061816,-2.12005,38.0131,8/17/18,exact
SRR24061818,21.30187,65.25526,8/13/18,exact
SRR24061820,-4.16357,39.72917,7/31/18,exact
SRR24061822,-4.68205,42.25548,8/1/18,exact
SRR24061824,-0.35691,45.6837,8/2/18,exact
SRR24061827,14.18942,50.8275,8/2/18,exact
SRR24061829,-4.82868,39.9413,7/31/18,exact
SRR24061831,13.96576,56.07255,8/9/18,exact
SRR24061833,2.96845,43.93088,8/16/18,exact
SRR24061835,6.15005,46.62452,8/6/18,exact
SRR24061837,-5.38359,36.764,5/30/18,exact
SRR24061838,-3.80035,39.58015,8/7/18,exact
SRR24061840,-3.64218,37.58563,8/6/18,exact
SRR24061842,0.23742,41.56311,8/8/18,exact
SRR24061844,12.80801,49.59186,8/8/18,exact
SRR24061845,8.51876,51.43337,7/25/18,exact
SRR24061846,18.24556,49.74061,7/31/18,exact
SRR24061847,9.11537,51.81693,7/25/18,exact
SRR24061848,-1.56906,40.89466,7/26/18,exact
SRR24061849,2.27168,49.65072,7/31/18,exact
SRR24061850,-1.9827,39.54836,7/31/18,exact
SRR24061851,5.17768,45.23177,7/31/18,exact
SRR24061852,19.1307,54.14221,5/30/18,exact
SRR24061853,8.94888,51.49196,7/25/18,exact
SRR24061854,9.4604,52.07067,7/25/18,exact
SRR24061855,-7.02937,43.26152,7/26/18,exact
SRR24061856,19.52952,54.12994,7/25/18,exact
SRR24061857,-0.12081,46.3599,7/24/18,exact
SRR24061858,-0.19277,47.0062,7/23/18,exact
SRR24061860,-0.02342,46.67749,7/23/18,exact
SRR24061861,-8.49089,42.83698,7/10/18,exact
SRR24061862,9.03792,51.36689,7/25/18,exact
SRR24061864,22.59383,37.96963,7/31/18,exact
SRR24061865,25.38767,57.8396,7/24/18,exact
SRR24061866,-0.68841,49.26298,7/30/18,exact
SRR24061867,13.33522,58.44821,7/30/18,exact
SRR24061868,21.89861,63.0709,7/26/18,exact
SRR24061869,11.65035,44.71622,7/31/18,exact
SRR24061870,2.37727,45.17429,7/31/18,exact
SRR24061871,-1.4589,40.81635,7/26/18,exact
SRR24061872,2.57731,45.20673,7/31/18,exact
SRR24061873,-1.24971,42.55349,7/16/18,exact
SRR24061874,15.75418,48.25367,5/29/18,exact
SRR24061876,23.98693,62.98397,7/19/18,exact
SRR24061877,22.4997,37.08429,7/9/18,exact
SRR24061880,3.18944,50.05273,7/10/18,exact
SRR24061882,-1.4666,49.02219,7/10/18,exact
SRR24061884,1.97492,49.08774,7/9/18,exact
SRR24061886,-2.61539,41.44179,7/16/18,exact
SRR24061888,-4.97042,41.03894,7/17/18,exact
SRR24061889,14.54554,46.2005,5/22/18,exact
SRR24061891,22.71332,36.89049,7/9/18,exact
SRR24061895,7.47544,48.39269,7/16/18,exact
SRR24061897,14.08716,37.3143,7/11/18,exact
SRR24061899,8.30703,46.12161,7/18/18,exact
SRR24061902,17.24751,49.23118,7/18/18,exact
SRR24061904,16.53336,48.84197,7/18/18,exact
SRR24061906,13.08101,42.26374,7/18/18,exact
SRR24061908,-3.93095,41.46635,7/16/18,exact
SRR24061910,-4.5115,40.63121,6/19/18,exact
SRR24061912,5.79545,43.79577,6/19/18,exact
SRR24061914,7.29637,52.63447,6/26/18,exact
SRR24061917,26.04237,59.14238,6/18/18,exact
SRR24061919,9.47886,52.98742,7/3/18,exact
SRR24061921,15.51955,41.39895,7/3/18,exact
SRR24061923,-4.96257,37.12707,6/26/18,exact
SRR24061925,12.35523,45.89276,6/26/18,exact
SRR24061926,21.79461,49.46047,5/30/18,exact
SRR24061928,7.06731,48.90472,7/3/18,exact
SRR24061930,13.26794,37.52788,6/27/18,exact
SRR24061932,25.02391,60.49035,6/19/18,exact
SRR24061934,-5.95173,38.32675,7/2/18,exact
SRR24061936,13.59701,41.99346,6/20/18,exact
SRR24061939,-4.77088,37.08396,6/26/18,exact
SRR24061941,10.47258,51.24405,6/4/18,exact
SRR24061942,3.56067,44.65691,7/3/18,exact
SRR24061943,23.55484,61.77559,6/9/18,exact
SRR24061944,26.10148,63.23448,6/12/18,exact
SRR24061945,22.68116,60.57378,6/20/18,exact
SRR24061946,15.8836,47.50705,6/25/18,exact
SRR24061947,-4.98944,41.51295,6/18/18,exact
SRR24061948,16.27241,58.5785,7/3/18,exact
SRR24061949,26.02495,56.31024,6/13/18,exact
SRR24061950,26.63222,56.17676,6/11/18,exact
SRR24061951,22.33502,53.66003,6/11/18,exact
SRR24061953,13.78295,47.14963,6/14/18,exact
SRR24061954,25.8507,63.22396,6/12/18,exact
SRR24061955,25.97498,58.68989,6/15/18,exact
SRR24061956,-4.45493,37.96035,6/18/18,exact
SRR24061957,15.23483,58.31593,6/13/18,exact
SRR24061958,21.41077,56.76774,5/25/18,exact
SRR24061959,4.52519,43.82642,6/18/18,exact
SRR24061960,-3.19698,41.32931,6/13/18,exact
SRR24061961,6.67794,52.60088,6/13/18,exact
SRR24061962,26.31827,58.74069,6/15/18,exact
SRR24061963,-1.50991,39.13092,5/23/18,exact
SRR24061964,23.14649,61.81292,6/9/18,exact
SRR24061966,22.12836,56.21067,6/11/18,exact
SRR24061967,17.36944,50.03591,6/18/18,exact
SRR24061968,-3.80375,43.34979,6/4/18,exact
SRR24061970,21.67046,55.67132,6/11/18,exact
SRR24061971,1.80374,50.59375,6/25/18,exact
SRR24061974,-1.03367,40.57329,6/6/18,exact
SRR24061976,-3.3576,43.26336,6/4/18,exact
SRR24061978,-1.15284,41.50775,6/4/18,exact
SRR24061979,21.68759,57.12513,5/25/18,exact
SRR24061981,-3.70695,37.90657,5/30/18,exact
SRR24061983,8.60144,50.60727,5/24/18,exact
SRR24061985,6.36553,52.08797,5/25/18,exact
SRR24061987,-1.21006,41.02737,6/25/18,exact
SRR24061991,16.42866,48.6676,5/22/18,exact
SRR24061993,9.78613,57.03248,5/23/18,exact
SRR24061995,-4.71147,41.77469,5/30/18,exact
SRR24061997,-2.94239,37.39097,5/30/18,exact
SRR24061999,-8.81542,42.97971,6/26/18,exact
SRR24062002,8.9698,49.26229,5/28/18,exact
SRR24062004,9.71413,53.43752,5/23/18,exact
SRR24062005,-1.94656,39.47974,5/10/18,exact
SRR24062012,-1.74698,39.41288,5/10/18,exact
SRR24062016,19.99529,46.38989,5/28/18,exact
SRR24062018,0.51527,41.4809,5/22/18,exact
SRR24062021,26.57981,41.4236,5/16/18,exact
SRR24062023,8.53956,39.15142,5/14/18,exact
SRR24062027,-3.19259,42.5361,5/22/18,exact
SRR24062030,-8.77525,37.1391,5/30/18,exact
SRR24062032,-4.79058,41.59793,5/29/18,exact
SRR24062040,0.91757,47.93852,5/22/18,exact
SRR24062042,-4.02256,42.38683,5/16/18,exact
SRR24062045,-6.50528,40.51601,5/21/18,exact
SRR24062047,-5.30005,37.51424,5/16/18,exact
SRR24062049,6.45866,52.01883,5/25/18,exact
SRR24062052,-7.72223,40.96569,4/30/18,exact
SRR24062055,11.55298,52.69091,6/1/18,exact
SRR24062056,28.13928,64.64381,6/1/18,exact
SRR24062058,-3.92995,37.98408,6/28/18,exact
SRR24062060,19.87365,49.62782,6/1/18,exact
SRR24062062,-1.10835,42.05928,6/4/18,exact
SRR24062064,0.91849,41.68212,6/4/18,exact
SRR24062067,29.01029,64.09108,5/29/18,exact
SRR24062069,-4.75154,39.91639,7/31/18,exact
SRR24062071,-0.12782,45.70596,8/2/18,exact
SRR24062073,4.12455,46.96604,6/4/18,exact
SRR24062074,15.67422,56.31469,8/2/18,exact
SRR24062076,11.49729,44.64639,7/31/18,exact
SRR24062078,-5.19517,42.61871,8/1/18,exact
SRR24062080,18.53486,53.19066,7/31/18,exact
SRR24062085,13.59325,50.46964,8/2/18,exact
SRR24062087,0.57413,45.98853,8/1/18,exact
SRR24062089,-6.01599,36.25135,8/1/18,exact
SRR24062091,18.24834,40.31945,8/6/18,exact
SRR24062093,16.56126,65.00587,7/25/18,exact
SRR24062095,-0.6497,41.94534,6/4/18,exact
SRR24062096,-5.5028,42.36972,8/1/18,exact
SRR24062098,-2.6286,41.62274,7/26/18,exact
SRR24062100,2.50652,44.78545,7/30/18,exact
SRR24062101,-1.96795,54.09704,7/13/18,exact
SRR24062103,-2.21648,51.21607,7/16/18,exact
SRR24062104,22.71377,61.32058,7/24/18,exact
SRR24062105,-0.84304,43.41691,7/24/18,exact
SRR24062106,3.09805,46.14624,7/16/18,exact
SRR24062107,16.61654,39.33551,7/14/18,exact
SRR24062108,27.44298,61.71096,7/12/18,exact
SRR24062109,28.58072,62.87358,7/11/18,exact
SRR24062110,20.20123,54.22083,5/30/18,exact
SRR24062111,22.23035,53.08841,7/16/18,exact
SRR24062112,-1.91649,42.93238,7/23/18,exact
SRR24062113,-0.44727,42.03951,7/23/18,exact
SRR24062114,-1.74628,42.82474,7/23/18,exact
SRR24062115,-5.47467,41.78682,7/23/18,exact
SRR24062116,18.29482,63.58151,7/25/18,exact
SRR24062117,-8.31499,37.65668,7/24/18,exact
SRR24062118,14.94273,49.87892,7/24/18,exact
SRR24062119,4.03909,47.4848,7/23/18,exact
SRR24062120,-6.22627,36.76827,7/18/18,exact
SRR24062124,-0.35848,42.23069,7/23/18,exact
SRR24062125,14.725,49.36574,7/24/18,exact
SRR24062126,24.10798,62.31094,7/23/18,exact
SRR24062127,6.54502,47.3768,7/23/18,exact
SRR24062128,6.56251,50.65438,7/11/18,exact
SRR24062129,-2.18683,48.23591,7/24/18,exact
SRR24062130,5.88351,44.99105,7/25/18,exact
SRR24062131,14.83892,63.38394,7/17/18,exact
SRR24062132,12.82214,47.43107,7/12/18,exact
SRR24062133,17.33659,58.88659,7/5/18,exact
SRR24062135,-3.13762,40.82525,7/4/18,exact
SRR24062137,25.2375,55.08652,6/27/18,exact
SRR24062139,-6.69355,42.01164,7/4/18,exact
SRR24062141,27.71833,61.30605,6/29/18,exact
SRR24062143,-6.58115,42.14087,7/4/18,exact
SRR24062147,15.6798,46.12808,7/9/18,exact
SRR24062148,13.22754,47.97822,5/29/18,exact
SRR24062150,22.07813,66.20834,7/5/18,exact
SRR24062152,-8.10367,38.41923,7/4/18,exact
SRR24062154,11.69071,46.04957,7/9/18,exact
SRR24062156,-3.24676,40.77399,7/4/18,exact
SRR24062158,5.77554,45.077,7/10/18,exact
SRR24062161,14.68523,37.86835,7/2/18,exact
SRR24062163,-8.30363,37.95506,7/3/18,exact
SRR24062165,16.20733,58.7981,6/26/18,exact
SRR24062167,-1.46298,38.86248,6/20/18,exact
SRR24062171,25.43307,55.99803,6/13/18,exact
SRR24062173,11.55508,44.91605,7/3/18,exact
SRR24062176,-1.50618,38.71111,6/20/18,exact
SRR24062178,17.0645,58.919,6/19/18,exact
SRR24062180,7.10508,52.39617,6/26/18,exact
SRR24062182,24.52549,60.70798,6/19/18,exact
SRR24062184,29.31069,63.17338,7/2/18,exact
SRR24062185,22.21506,40.03101,6/25/18,exact
SRR24062186,5.2054,45.79261,6/19/18,exact
SRR24062187,3.02948,44.65888,7/2/18,exact
SRR24062188,14.97017,37.22838,6/11/18,exact
SRR24062189,-0.9076,40.80614,6/19/18,exact
SRR24062190,8.3654,45.04106,6/26/18,exact
SRR24062191,-7.65153,42.23262,6/19/18,exact
SRR24062192,3.80439,44.50897,6/26/18,exact
SRR24062193,-4.31179,40.80728,6/19/18,exact
SRR24062194,-4.54399,37.30339,6/26/18,exact
SRR24062197,7.75362,45.75092,6/7/18,exact
SRR24062198,1.88688,46.92934,6/18/18,exact
SRR24062199,3.33838,43.53921,6/25/18,exact
SRR24062200,9.44864,55.34173,6/4/18,exact
SRR24062201,-7.78952,37.07357,6/6/18,exact
SRR24062202,19.51238,50.2022,6/6/18,exact
SRR24062203,1.35562,47.10523,6/11/18,exact
SRR24062204,3.41446,43.96035,6/11/18,exact
SRR24062207,0.67982,51.087,6/12/18,exact
SRR24062209,27.51942,56.94324,6/6/18,exact
SRR24062212,23.33622,63.85059,6/5/18,exact
SRR24062216,26.57462,57.03159,6/6/18,exact
SRR24062218,14.2035,48.10739,6/4/18,exact
SRR24062220,16.17825,52.91972,6/5/18,exact
SRR24062222,20.50707,53.95919,5/30/18,exact
SRR24062223,6.60955,45.55821,6/5/18,exact
SRR24062225,4.20469,44.04395,6/12/18,exact
SRR24062227,10.65759,52.15995,6/5/18,exact
SRR24062229,-8.31158,43.14691,5/30/18,exact
SRR24062233,-4.8743,41.64038,5/30/18,exact
SRR24062235,-0.35408,43.88577,7/2/18,exact
SRR24062238,5.78138,48.6113,7/1/18,exact
SRR24062240,21.91488,51.17487,5/22/18,exact
SRR24062242,21.0514,51.44223,5/28/18,exact
SRR24062244,21.65683,51.07403,5/22/18,exact
SRR24062246,9.113,50.45052,5/23/18,exact
SRR24062249,10.66319,56.38377,5/22/18,exact
SRR24062251,21.86673,47.34356,5/29/18,exact
SRR24062253,12.40582,49.85303,5/23/18,exact
SRR24062255,16.88701,60.13896,5/24/18,exact
SRR24062257,-4.44108,41.66788,5/30/18,exact
SRR24062259,20.40287,49.61636,6/1/18,exact
SRR24062260,9.74558,47.98929,5/29/18,exact
SRR24062262,23.44829,56.69897,5/3/18,exact
SRR24062264,25.06777,55.40052,6/27/18,exact
SRR24062266,-0.31536,40.54216,5/30/18,exact
SRR24062268,-5.58533,42.96244,5/28/18,exact
SRR24062270,-3.41603,41.77525,5/8/18,exact
SRR24062272,11.37836,52.78292,6/1/18,exact
SRR24062273,14.21256,48.53947,5/28/18,exact
SRR24062275,-4.56573,37.83308,5/14/18,exact
SRR24062277,-3.5712,43.10705,5/28/18,exact
SRR24062279,17.98209,46.41449,5/28/18,exact
SRR24062281,12.07503,47.97,5/21/18,exact
SRR24062284,10.22503,53.31184,5/23/18,exact
SRR24062286,21.95336,48.97085,5/28/18,exact
SRR24062288,-3.44762,41.80755,5/8/18,exact
SRR24062290,-3.70348,42.39445,5/16/18,exact
SRR24062294,22.18813,50.23683,5/28/18,exact
SRR24062299,29.94232,64.61197,5/30/18,exact
SRR24062301,-3.50221,43.02492,5/28/18,exact
SRR24062303,27.301,60.69001,6/27/18,exact
SRR24062305,17.80275,48.38058,5/22/18,exact
SRR24062307,-7.49649,40.85886,5/29/18,exact
SRR24062309,11.52852,49.38255,6/4/18,exact
SRR24062310,5.88993,51.8564,5/18/18,exact
SRR24062312,-2.96854,41.96255,5/22/18,exact
SRR24062314,-5.21769,37.45401,5/16/18,exact
SRR24062316,-7.71367,39.23203,5/16/18,exact
SRR24062318,-6.37683,43.27763,5/22/18,exact
SRR24062321,-4.04615,38.86611,5/15/18,exact
SRR24062323,18.69405,46.28646,5/28/18,exact
SRR24062326,16.34223,47.98676,8/20/18,exact
SRR24062329,25.49299,64.68438,8/15/18,exact
SRR24062331,16.61287,58.18312,8/7/18,exact
SRR24062333,23.08536,67.03486,8/15/18,exact
SRR24062335,22.54752,66.89089,8/20/18,exact
SRR24062337,-2.9119,47.97055,8/19/18,exact
SRR24062339,-0.56565,41.46272,6/4/18,exact
SRR24062340,14.23904,47.24091,8/7/18,exact
SRR24062342,4.33013,47.50034,8/8/18,exact
SRR24062344,5.96068,44.97601,7/25/18,exact
SRR24062346,-7.6243,41.5552,7/31/18,exact
SRR24062348,-1.68618,40.75309,7/26/18,exact
SRR24062351,-2.59252,38.94016,8/1/18,exact
SRR24062353,-8.13378,42.0164,8/3/18,exact
SRR24062355,-2.63273,39.63012,7/31/18,exact
SRR24062358,14.717,49.8525,7/24/18,exact
SRR24062360,-4.88295,40.77709,7/24/18,exact
SRR24062361,16.44305,64.14045,7/25/18,exact
SRR24062362,8.08523,51.48101,7/25/18,exact
SRR24062363,21.65033,48.51235,7/23/18,exact
SRR24062364,17.15358,48.96635,7/18/18,exact
SRR24062369,28.31015,62.57164,7/11/18,exact
SRR24062370,-5.4725,40.72224,7/10/18,exact
SRR24062371,-2.37014,41.54577,7/9/18,exact
SRR24062372,15.21981,63.28112,7/24/18,exact
SRR24062373,6.67858,49.00186,7/11/18,exact
SRR24062374,23.50769,40.42722,7/23/18,exact
SRR24062375,7.23779,51.6799,7/11/18,exact
SRR24062377,6.82807,43.52576,7/16/18,exact
SRR24062378,4.29548,48.29232,7/16/18,exact
SRR24062379,16.24357,57.82181,7/24/18,exact
SRR24062380,-2.57139,37.47794,7/23/18,exact
SRR24062381,19.95411,50.41803,7/9/18,exact
SRR24062382,-6.21124,38.90896,7/10/18,exact
SRR24062383,26.97195,62.34153,7/12/18,exact
SRR24062384,13.59661,56.94729,7/12/18,exact
SRR24062385,6.71058,50.96461,7/11/18,exact
SRR24062388,10.4463,45.39532,7/12/18,exact
SRR24062390,-1.5526,42.71957,7/16/18,exact
SRR24062391,-4.39049,43.08514,5/30/18,exact
SRR24062393,16.94095,49.0159,7/18/18,exact
SRR24062395,-1.12872,46.53183,7/5/18,exact
SRR24062397,6.14221,46.7324,7/9/18,exact
SRR24062399,-6.7408,42.00368,7/4/18,exact
SRR24062401,22.57974,37.27522,7/9/18,exact
SRR24062404,-8.08619,38.44107,7/4/18,exact
SRR24062406,13.00909,43.2417,7/9/18,exact
SRR24062410,-3.00809,40.54994,7/4/18,exact
SRR24062412,10.66228,44.25825,7/4/18,exact
SRR24062413,21.43754,49.60651,5/30/18,exact
SRR24062415,-2.88559,40.76727,7/4/18,exact
SRR24062417,30.52627,62.25921,7/1/18,exact
SRR24062419,23.69424,53.38555,7/9/18,exact
SRR24062421,8.67936,45.6944,6/19/18,exact
SRR24062423,-8.33699,53.03631,7/2/18,exact
SRR24062425,5.73973,43.54053,7/10/18,exact
SRR24062427,2.15805,48.63085,7/10/18,exact
SRR24062430,9.96034,47.32359,7/9/18,exact
SRR24062434,9.7485,47.39531,7/9/18,exact
SRR24062436,7.41023,52.70892,6/26/18,exact
SRR24062438,7.60714,44.39516,6/18/18,exact
SRR24062439,16.49536,43.60418,6/4/18,exact
SRR24062442,-3.3062,41.49751,6/19/18,exact
SRR24062444,22.01575,60.77779,6/21/18,exact
SRR24062448,-1.31501,39.08099,6/19/18,exact
SRR24062450,-8.78134,39.54593,6/20/18,exact
SRR24062453,17.81889,48.83129,6/5/18,exact
SRR24062455,-0.92369,42.11604,6/4/18,exact
SRR24062456,7.11449,53.15178,6/13/18,exact
SRR24062457,-5.43986,40.3968,6/13/18,exact
SRR24062458,17.09558,50.26997,6/18/18,exact
SRR24062459,25.98002,58.85503,6/15/18,exact
SRR24062460,1.20911,45.28211,6/25/18,exact
SRR24062461,21.57118,56.20782,6/11/18,exact
SRR24062462,6.97394,53.02243,6/13/18,exact
SRR24062463,24.42079,54.78165,6/15/18,exact
SRR24062464,15.48473,49.49348,6/18/18,exact
SRR24062465,6.99627,52.69924,6/13/18,exact
SRR24062466,19.9073,53.24837,5/29/18,exact
SRR24062467,10.96968,46.14864,6/25/18,exact
SRR24062468,22.9416,56.09416,6/11/18,exact
SRR24062469,25.50077,58.34097,6/15/18,exact
SRR24062470,22.00671,53.8022,6/11/18,exact
SRR24062471,11.0888,45.64297,6/6/18,exact
SRR24062472,-0.40142,45.91535,6/5/18,exact
SRR24062473,-3.05139,39.72088,6/18/18,exact
SRR24062474,-2.64452,55.68663,6/6/18,exact
SRR24062475,-2.85114,55.92099,6/6/18,exact
SRR24062476,3.80972,44.69009,6/26/18,exact
SRR24062478,19.68648,51.18363,6/5/18,exact
SRR24062479,16.57987,50.21066,6/13/18,exact
SRR24062480,7.29362,45.70413,6/7/18,exact
SRR24062481,0.51742,43.31633,6/12/18,exact
SRR24062482,13.75162,48.17775,6/4/18,exact
SRR24062483,3.87455,45.94081,6/11/18,exact
SRR24062484,25.76532,58.38347,6/15/18,exact
SRR24062486,9.25322,50.48748,5/23/18,exact
SRR24062488,6.73005,50.28136,5/25/18,exact
SRR24062490,19.89069,47.65082,5/29/18,exact
SRR24062492,23.54501,56.59747,5/3/18,exact
SRR24062493,9.59085,56.83425,5/22/18,exact
SRR24062495,13.06362,56.0433,5/28/18,exact
SRR24062497,-2.24398,41.76218,5/28/18,exact
SRR24062501,9.95943,48.49343,5/28/18,exact
SRR24062504,9.93121,49.33894,5/28/18,exact
SRR24062506,22.61731,62.50006,6/8/18,exact
SRR24062508,19.37801,49.23565,5/22/18,exact
SRR24062510,3.40206,43.85099,7/1/18,exact
SRR24062515,8.04405,50.41929,5/24/18,exact
SRR24062518,10.09882,50.57976,5/22/18,exact
SRR24062520,5.62713,48.82154,7/1/18,exact
SRR24062522,-7.79395,37.44268,5/22/18,exact
SRR24062524,-3.52178,42.89438,5/28/18,exact
SRR24062527,-7.09512,42.71654,5/30/18,exact
SRR24062529,3.08271,43.39552,6/25/18,exact
SRR24062533,-1.28293,40.6361,5/15/18,exact
SRR24062535,30.87296,63.03803,5/26/18,exact
SRR24062538,-7.46852,41.52767,4/30/18,exact
SRR24062540,7.81493,49.89348,5/25/18,exact
SRR24062544,10.63953,48.79746,5/21/18,exact
SRR24062546,14.26248,46.55485,7/2/18,exact
SRR24062550,22.37579,39.51708,5/21/18,exact
SRR24062552,-1.07004,41.71743,6/4/18,exact
SRR24062553,6.86998,51.97648,5/18/18,exact
SRR24062555,-6.74688,40.69567,5/21/18,exact
SRR24062557,-6.26046,41.0539,5/22/18,exact
SRR24062559,-1.33439,40.39302,5/28/18,exact
SRR24062567,22.63521,39.28222,5/29/18,exact
SRR24062569,9.1858,47.82458,5/29/18,exact
SRR24062571,16.85332,59.79715,5/30/18,exact
SRR24062573,-4.99774,43.3998,5/29/18,exact
SRR24062575,12.91424,57.89997,6/4/18,exact
SRR24062576,9.04579,40.71517,4/30/18,exact
SRR24062578,1.17235,46.61959,5/3/18,exact
SRR24062581,0.1531,41.93673,8/6/18,exact
SRR24062583,23.61103,66.97558,8/15/18,exact
SRR24062586,-8.21153,40.9679,8/1/18,exact
SRR24062591,10.90739,48.5617,6/4/18,exact
SRR24062592,22.85269,38.96053,7/31/18,exact
SRR24062594,-3.97975,42.10006,7/31/18,exact
SRR24062596,-4.908,42.36859,8/1/18,exact
SRR24062597,-7.91525,41.20732,8/1/18,exact
SRR24062598,17.02471,48.25221,7/30/18,exact
SRR24062600,-2.5142,39.26145,8/1/18,exact
SRR24062601,6.98119,48.07419,7/25/18,exact
SRR24062602,8.24552,44.82273,5/17/18,exact
SRR24062603,16.87082,49.88667,7/31/18,exact
SRR24062604,22.23631,63.20875,7/26/18,exact
SRR24062605,7.91747,51.37025,7/25/18,exact
SRR24062606,-2.02354,40.7671,7/26/18,exact
SRR24062607,20.9543,48.83785,7/23/18,exact
SRR24062608,-2.32407,39.61511,7/31/18,exact
SRR24062609,15.61379,41.64729,7/30/18,exact
SRR24062610,-2.49723,39.53801,7/31/18,exact
SRR24062611,-4.96981,40.83722,7/24/18,exact
SRR24062612,-8.10414,37.99371,7/25/18,exact
SRR24062614,17.42564,64.44205,7/25/18,exact
SRR24062615,0.60833,44.7403,7/30/18,exact
SRR24062616,14.22146,63.52851,7/24/18,exact
SRR24062617,11.37738,42.80722,6/4/18,exact
SRR24062619,13.80813,63.43082,7/24/18,exact
SRR24062620,24.29892,63.04669,7/19/18,exact
SRR24062621,-8.65529,41.45714,7/12/18,exact
SRR24062623,4.12538,50.19507,7/23/18,exact
SRR24062625,6.03205,49.2149,7/10/18,exact
SRR24062627,7.97293,45.37679,7/11/18,exact
SRR24062630,-1.00625,42.96266,7/23/18,exact
SRR24062632,0.72963,42.44606,7/16/18,exact
SRR24062634,7.96412,48.99665,7/10/18,exact
SRR24062636,-4.89526,42.02223,7/23/18,exact
SRR24062639,4.25749,46.95514,6/4/18,exact
SRR24062641,15.3587,47.06508,7/24/18,exact
SRR24062643,4.19833,48.43157,7/10/18,exact
SRR24062645,-1.20801,49.10304,7/10/18,exact
SRR24062647,-7.42519,40.52123,7/10/18,exact
SRR24067942,23.68783,55.79662,9/18/18,exact
SRR24067944,28.1921,44.20199,11/14/18,exact
SRR24067946,27.79513,47.1836,11/19/18,exact
SRR24067947,-8.9989,39.39185,8/17/18,exact
SRR24067949,23.56594,54.69597,9/11/18,exact
SRR24067950,15.06877,52.35933,9/10/18,exact
SRR24067953,14.95407,60.95983,9/24/18,exact
SRR24067955,13.1554,55.9871,9/20/18,exact
SRR24067957,27.03187,57.21175,8/28/18,exact
SRR24067961,1.26817,41.25917,9/3/18,exact
SRR24067962,15.42654,40.6067,7/26/18,exact
SRR24067964,26.06282,43.32806,9/3/18,exact
SRR24067966,22.73583,42.24819,9/3/18,exact
SRR24067968,0.65759,41.49438,9/3/18,exact
SRR24067970,21.97956,49.64084,9/10/18,exact
SRR24067972,24.68132,41.65087,9/20/18,exact
SRR24067975,21.03957,40.33556,9/24/18,exact
SRR24067977,22.47821,55.26602,9/18/18,exact
SRR24067979,14.63262,52.97129,9/11/18,exact
SRR24067980,-1.37589,48.03232,9/4/18,exact
SRR24067982,23.29256,42.97965,9/3/18,exact
SRR24067984,24.99191,43.47395,9/3/18,exact
SRR24067986,0.66652,46.5042,8/22/18,exact
SRR24067991,23.12253,43.54965,8/29/18,exact
SRR24067993,-3.71382,41.14902,8/22/18,exact
SRR24067995,27.51509,64.88221,8/21/18,exact
SRR24067997,27.9788,64.92356,8/21/18,exact
SRR24067999,-2.75388,43.35929,8/8/18,exact
SRR24068000,15.84721,57.87586,8/14/18,exact
SRR24068002,-4.0045,37.89964,8/6/18,exact
SRR24068004,4.5325,47.34832,8/7/18,exact
SRR24068006,0.0756,41.96544,8/6/18,exact
SRR24068013,23.04926,38.65922,9/6/18,exact
SRR24068015,-6.01706,42.52725,8/22/18,exact
SRR24068019,2.4276,49.01095,8/12/18,exact
SRR24068021,22.40465,67.52675,8/22/18,exact
SRR24068026,16.29214,45.3709,8/21/18,exact
SRR24068028,14.928,57.31827,8/27/18,exact
SRR24068030,2.18751,43.24035,8/22/18,exact
SRR24068032,-8.27618,42.87645,8/27/18,exact
SRR24068034,-6.46419,38.69975,8/8/18,exact
SRR24068035,4.59569,50.50667,8/27/18,exact
SRR24068041,25.269,42.42409,9/25/18,exact
SRR24068043,12.37076,59.38645,10/15/18,exact
SRR24068046,15.56198,46.24261,8/28/18,exact
SRR24068048,1.12082,42.60839,8/20/18,exact
SRR24068050,2.11625,48.03134,8/27/18,exact
SRR24068052,-3.37113,48.2616,8/27/18,exact
SRR24068054,-4.56046,40.53224,9/5/18,exact
SRR24068056,29.15607,66.19299,8/14/18,exact
SRR24068057,17.36041,52.31136,8/20/18,exact
SRR24068059,-5.68864,42.32232,8/22/18,exact
SRR24068061,23.81733,43.09199,8/29/18,exact
SRR24068063,1.6905,49.13926,8/12/18,exact
SRR24068065,1.03901,48.92598,8/13/18,exact
SRR24068068,-3.8195,39.11916,8/28/18,exact
SRR24068070,7.11829,48.02384,8/12/18,exact
SRR24068072,4.67303,47.01252,8/21/18,exact
SRR24068074,5.15297,50.5856,8/27/18,exact
SRR24068076,0.16751,42.59264,9/5/18,exact
SRR24068078,12.98245,61.96945,8/20/18,exact
SRR24068079,26.31158,40.97182,9/5/18,exact
SRR24068081,15.27525,45.96836,8/7/18,exact
SRR24068085,11.97245,57.93516,8/15/18,exact
SRR24068087,15.35088,59.32139,8/6/18,exact
SRR24068090,14.00395,46.24022,8/7/18,exact
SRR24068092,15.42656,46.7008,8/14/18,exact
SRR24068094,19.81696,51.11828,8/13/18,exact
SRR24068096,3.24245,44.14827,8/16/18,exact
SRR24068098,-3.21514,37.1512,8/6/18,exact
SRR24068100,20.43284,48.97882,7/30/18,exact
SRR24068103,-7.18881,39.75208,8/8/18,exact
SRR24068105,-2.56428,38.30319,8/13/18,exact
SRR24068107,15.95306,56.86111,8/15/18,exact
SRR24068109,-7.48589,41.24801,8/7/18,exact
SRR24068110,4.38177,48.72959,8/21/18,exact
SRR24068112,-6.84397,42.88792,8/6/18,exact
SRR24068114,20.94968,48.69308,7/30/18,exact
SRR24068115,18.89545,51.71742,8/8/18,exact
SRR24068117,18.19315,50.08788,6/7/18,exact
SRR24068120,15.74777,48.43438,5/29/18,exact
SRR24068122,1.60078,48.04733,8/14/18,exact
SRR24068124,21.78606,50.78824,8/31/18,exact
SRR24068126,19.12117,53.81717,7/31/18,exact
SRR24068128,21.46407,50.18512,10/2/18,exact
SRR24068131,14.21592,57.48703,9/26/18,exact
SRR24068133,24.79932,42.32978,9/25/18,exact
SRR24068136,27.07456,42.64641,9/25/18,exact
SRR24068140,26.51437,42.61173,9/25/18,exact
SRR24068141,-2.69548,47.86849,8/19/18,exact
SRR24068143,20.27049,66.16396,9/26/18,exact
SRR24068147,33.03212,34.89828,10/4/18,exact
SRR24068149,2.35448,46.61994,10/9/18,exact
SRR24068151,13.49811,59.75891,10/8/18,exact
SRR24068155,2.20129,46.59082,10/9/18,exact
SRR24068158,33.53235,34.82509,10/3/18,exact
SRR24068160,32.50924,34.89929,10/4/18,exact
SRR24068162,3.12052,46.7802,10/1/18,exact
SRR24068164,16.57378,60.93118,10/1/18,exact
SRR24068167,2.96903,47.90864,8/21/18,exact
SRR24068169,26.12905,46.03454,10/30/18,exact
SRR24068171,27.37252,44.87865,11/14/18,exact
SRR24068175,24.44811,45.78451,12/5/18,exact
SRR24068177,25.39261,45.50351,10/29/18,exact
SRR24068179,26.05686,47.53166,11/21/18,exact
SRR24068181,1.47124,49.91849,9/17/18,exact
SRR24068186,22.27634,45.44067,12/3/18,exact
SRR24068188,27.0682,46.47455,12/7/18,exact
SRR24068190,24.20218,42.10521,9/20/18,exact
SRR24068192,0.07594,41.21961,9/18/18,exact
SRR24068195,15.51194,53.07829,9/11/18,exact
SRR24068197,23.07119,54.73116,9/11/18,exact
SRR24068199,15.23325,60.8597,9/24/18,exact
SRR24068201,25.16995,56.91042,9/11/18,exact
SRR24068203,13.23801,57.74853,9/21/18,exact
SRR24068208,-5.76318,37.52967,7/31/18,exact
SRR24068209,25.33382,43.14777,9/3/18,exact
SRR24068211,20.62932,65.19093,9/9/18,exact
SRR24068213,24.53448,43.55878,9/3/18,exact
SRR24068215,14.93263,53.24748,9/11/18,exact
SRR24068220,15.70147,61.22123,9/14/18,exact
SRR24068222,15.21384,58.4069,9/18/18,exact
SRR24068224,22.87334,43.78217,8/29/18,exact
SRR24068226,27.68775,43.42448,9/3/18,exact
SRR24068229,20.66322,66.35899,9/18/18,exact
SRR24068230,15.99985,49.17863,8/8/18,exact
SRR24068233,23.16903,41.42445,9/3/18,exact
SRR24068235,26.39396,65.03886,8/28/18,exact
SRR24068237,22.61351,55.28887,9/18/18,exact
SRR24068239,-3.63153,38.77945,8/28/18,exact
SRR24068243,26.12993,41.11224,9/5/18,exact
SRR24068245,20.95031,51.50626,8/6/18,exact
SRR24068246,20.55234,65.6528,8/22/18,exact
SRR24068248,0.86033,49.14677,8/14/18,exact
SRR24068250,-7.63366,43.24964,8/6/18,exact
SRR24068252,-4.16896,48.36197,8/14/18,exact
SRR24068254,-2.70822,40.95488,8/14/18,exact
SRR24068258,-7.54329,39.90951,8/14/18,exact
SRR24068260,6.42099,46.8682,8/6/18,exact
SRR24068262,2.2444,44.29548,8/14/18,exact
SRR24068264,9.81167,44.53073,8/6/18,exact
SRR24068266,3.76225,46.90959,8/6/18,exact
SRR24068268,-1.72066,38.48394,8/17/18,exact
SRR24068269,2.3264,44.24726,8/14/18,exact
SRR24068272,16.8004,54.40149,8/1/18,exact
SRR24068276,25.61689,44.82848,10/19/18,exact
SRR24068280,14.00503,55.51335,9/26/18,exact
SRR24068282,26.53636,42.4242,9/25/18,exact
SRR24068285,21.07263,50.93195,9/26/18,exact
SRR24068288,32.88678,34.72911,10/4/18,exact
SRR24068292,22.49764,43.79232,9/25/18,exact
SRR24068295,14.78596,50.26394,8/2/18,exact
SRR24068296,27.1209,42.80418,9/25/18,exact
SRR24068298,9.61648,50.86684,9/25/18,exact
SRR24068301,23.29283,38.36901,10/9/18,exact
SRR24068304,13.21691,56.3454,10/22/18,exact
SRR24068307,26.34203,47.65393,11/21/18,exact
SRR24068309,15.00322,61.51776,10/16/18,exact
SRR24068312,27.02258,47.64041,11/19/18,exact
SRR24068314,26.87876,47.86525,11/19/18,exact
SRR24068316,28.41488,44.32812,11/14/18,exact
SRR24068318,27.06515,47.52332,11/19/18,exact
SRR24068323,25.34075,47.41617,11/21/18,exact
SRR24068325,27.82281,45.85221,11/16/18,exact
SRR24068327,25.71756,46.61015,11/22/18,exact
SRR24068329,25.48283,44.81199,10/19/18,exact
SRR24068331,3.3539,49.06993,10/16/18,exact
SRR24068332,14.90972,53.57256,8/13/18,exact
SRR24068334,26.26496,45.00382,10/22/18,exact
SRR24068336,25.20513,46.04378,10/29/18,exact
SRR24068338,23.64606,44.68651,12/3/18,exact
SRR24068340,21.09295,66.31296,9/18/18,exact
SRR24068342,17.09979,60.29116,9/11/18,exact
SRR24068344,13.55168,57.86655,9/19/18,exact
SRR24068347,22.52328,38.82114,7/31/18,exact
SRR24068351,23.27211,45.90292,12/3/18,exact
SRR24068355,21.88759,45.32165,12/14/18,exact
SRR24068357,23.64883,44.1747,12/3/18,exact
SRR24068361,23.82799,41.97487,9/20/18,exact
SRR24068363,21.73774,45.46594,12/3/18,exact
SRR24068365,15.84138,59.51812,9/19/18,exact
SRR24068367,0.69836,47.95632,9/11/18,exact
SRR24068369,22.8353,45.93875,12/3/18,exact
SRR24068371,25.97559,43.2868,9/3/18,exact
SRR24068375,19.26439,52.23172,9/6/18,exact
SRR24068377,-0.58096,54.00722,9/3/18,exact
SRR24068379,-2.01766,47.87262,9/4/18,exact
SRR24068381,21.28136,65.00051,9/9/18,exact
SRR24068383,0.35162,41.7561,9/12/18,exact
SRR24068385,17.71523,50.95224,8/13/18,exact
SRR24068386,-7.92887,40.5033,9/17/18,exact
SRR24068388,2.5638,50.10379,9/18/18,exact
SRR24068390,26.05106,64.6843,8/28/18,exact
SRR24068392,25.24544,63.93227,9/18/18,exact
SRR24068394,0.53223,47.83336,9/11/18,exact
SRR24068397,22.35073,67.14423,9/5/18,exact
SRR24068399,26.44964,43.70687,9/3/18,exact
SRR24068401,-4.40573,41.41655,8/28/18,exact
SRR24068403,12.97864,59.91502,10/1/18,exact
SRR24068405,9.24543,50.97289,9/25/18,exact
SRR24068407,14.07612,60.42827,10/9/18,exact
SRR24068409,22.80436,38.47263,10/9/18,exact
SRR24068411,12.18632,59.80354,10/18/18,exact
SRR24068413,-1.49192,49.36477,8/21/18,exact
SRR24068414,9.3608,50.86571,9/25/18,exact
SRR24068416,-3.10846,53.17748,10/15/18,exact
SRR24068418,17.67347,52.92355,9/25/18,exact
SRR24068420,20.92532,39.94718,9/25/18,exact
SRR24068423,33.01945,35.07029,10/2/18,exact
SRR24068428,17.88933,65.20107,9/24/18,exact
SRR24068430,12.93858,60.27613,10/1/18,exact
SRR24068432,22.80312,52.46371,10/8/18,exact
SRR24068434,27.78881,45.19461,11/14/18,exact
SRR24068436,13.6968,59.95202,10/16/18,exact
SRR24068438,26.63175,47.53612,11/21/18,exact
SRR24068440,-7.53141,38.1206,8/1/18,exact
SRR24068442,-4.19834,51.11625,10/15/18,exact
SRR24068444,28.15834,44.65077,11/14/18,exact
SRR24068446,27.6989,45.79957,11/16/18,exact
SRR24068448,24.65331,45.18893,10/25/18,exact
SRR24068450,2.54514,47.68181,8/21/18,exact
SRR24068453,14.47369,62.02224,10/16/18,exact
SRR24068457,1.31756,47.8081,10/24/18,exact
SRR24068459,26.20144,44.70166,10/24/18,exact
SRR24068461,28.68857,44.37072,11/14/18,exact
SRR24068462,-3.59347,39.93922,8/7/18,exact
SRR24068464,26.2365,45.77936,10/31/18,exact
SRR24068470,23.36305,55.22909,9/18/18,exact
SRR24068474,24.56341,46.20752,12/8/18,exact
SRR24068476,24.76503,41.6934,9/20/18,exact
SRR24068479,16.06495,61.56799,9/19/18,exact
SRR24068481,13.1826,59.42422,9/19/18,exact
SRR24068483,25.43635,46.83459,11/22/18,exact
SRR24068485,21.6623,45.83821,12/3/18,exact
SRR24068487,22.86444,47.3567,12/3/18,exact
SRR24068488,-2.67862,39.62411,7/31/18,exact
SRR24068490,24.20141,46.23848,12/8/18,exact
SRR24068492,23.87389,46.30017,12/3/18,exact
SRR24068494,24.71443,46.36953,12/8/18,exact
SRR24068496,23.50792,43.37133,8/29/18,exact
SRR24068499,-4.21752,40.71107,8/28/18,exact
SRR24068501,26.70987,67.20265,9/3/18,exact
SRR24068503,-3.36455,48.13476,8/19/18,exact
SRR24068504,-1.29419,54.01588,9/3/18,exact
SRR24068506,0.82489,48.00322,9/11/18,exact
SRR24068508,23.0761,42.67919,9/3/18,exact
SRR24068512,27.36551,44.03287,9/3/18,exact
SRR24068515,-2.01652,47.98188,9/4/18,exact
SRR24068517,-3.39322,39.43605,8/27/18,exact
SRR24068519,19.25473,52.46775,9/6/18,exact
SRR24068523,24.56146,43.66475,9/3/18,exact
SRR24068525,21.303,51.98094,8/6/18,exact
SRR24068526,19.27934,52.30294,9/6/18,exact
SRR24068528,-3.25392,38.8692,8/27/18,exact
SRR24068530,21.72511,39.03181,8/6/18,exact
SRR24068532,2.50176,44.06094,8/16/18,exact
SRR24068536,18.97187,51.36785,8/13/18,exact
SRR24068538,4.57778,47.42275,8/7/18,exact
SRR24068540,-2.58568,38.90446,8/1/18,exact
SRR24068541,18.25889,51.746,8/13/18,exact
SRR24068543,2.47802,50.82053,8/6/18,exact
SRR24068545,27.90998,65.47283,8/14/18,exact
SRR24068547,-2.86115,37.20042,8/6/18,exact
SRR24068549,-3.6961,37.85309,8/6/18,exact
SRR24068552,14.19316,48.95454,8/8/18,exact
SRR24068554,-4.17551,37.8374,8/6/18,exact
SRR24068556,6.29387,46.80983,8/6/18,exact
SRR24068558,24.95895,44.5961,10/23/18,exact
SRR24068560,-2.17037,47.49173,8/19/18,exact
SRR24068561,15.38418,63.74577,10/2/18,exact
SRR24068563,14.08724,57.83323,10/3/18,exact
SRR24068565,15.70464,64.54911,10/2/18,exact
SRR24068567,2.23014,46.39395,10/1/18,exact
SRR24068570,33.86506,35.0004,10/2/18,exact
SRR24068575,16.25425,60.42136,10/3/18,exact
SRR24068582,9.37903,45.05195,8/8/18,exact
SRR24068584,23.36002,38.01124,10/2/18,exact
SRR24068587,22.87161,52.4927,10/8/18,exact
SRR24068589,22.33055,66.07974,10/2/18,exact
SRR24068590,25.21604,45.71254,10/29/18,exact
SRR24068592,28.53004,43.97488,11/14/18,exact
SRR24068594,25.03115,44.29254,10/23/18,exact
SRR24068596,24.07015,44.94037,12/3/18,exact
SRR24068599,21.56089,46.57678,12/3/18,exact
SRR24068601,24.71537,46.27793,12/8/18,exact
SRR24068603,25.08748,46.2804,11/24/18,exact
SRR24068605,21.68956,45.36215,12/3/18,exact
SRR24068607,18.85048,64.07805,9/18/18,exact
SRR21996958,147.4667,-31.7,5/18/19,exact
SRR21996959,147.9918,-32.007,5/18/19,exact
SRR21996960,147.9918,-32.007,5/18/19,exact
SRR21996961,147.9918,-32.007,5/18/19,exact
SRR21996962,148.4975,-32.1967,5/18/19,exact
SRR21996963,148.4975,-32.1967,5/18/19,exact
SRR21996964,149.78953,-35.67615,5/16/19,exact
SRR21996965,146.7047,-38.1505,5/14/19,exact
SRR21996966,149.82275,-35.66259,5/16/19,exact
SRR21996967,149.82275,-35.66259,5/16/19,exact
SRR21996968,149.82275,-35.66259,5/16/19,exact
SRR21996969,149.77861,-35.61254,5/16/19,exact
SRR21996970,149.77861,-35.61254,5/16/19,exact
SRR21996971,149.77861,-35.61254,5/16/19,exact
SRR21996972,149.76579,-35.60298,5/16/19,exact
SRR21996973,149.76579,-35.60298,5/16/19,exact
SRR21996974,149.76579,-35.60298,5/16/19,exact
SRR21996975,149.76484,-35.60181,5/16/19,exact
SRR21996976,146.4266,-38.1575,5/14/19,exact
SRR21996977,149.76484,-35.60181,5/16/19,exact
SRR21996978,149.76484,-35.60181,5/16/19,exact
SRR21996979,150.0493,-36.0761,5/15/19,exact
SRR21996980,150.0493,-36.0761,5/15/19,exact
SRR21996981,150.0493,-36.0761,5/15/19,exact
SRR21996982,149.9729,-36.3647,5/15/19,exact
SRR21996983,149.9729,-36.3647,5/15/19,exact
SRR21996984,149.9729,-36.3647,5/15/19,exact
SRR21996985,149.8721,-36.3968,5/15/19,exact
SRR21996986,149.8721,-36.3968,5/15/19,exact
SRR21996987,146.4266,-38.1575,5/14/19,exact
SRR21996988,149.8721,-36.3968,5/15/19,exact
SRR21996989,150.0345,-36.5484,5/15/19,exact
SRR21996990,150.0345,-36.5484,5/15/19,exact
SRR21996991,150.0345,-36.5484,5/15/19,exact
SRR21996992,149.92166,-36.77876,5/15/19,exact
SRR21996993,149.92166,-36.77876,5/15/19,exact
SRR21996994,149.92166,-36.77876,5/15/19,exact
SRR21996995,149.8152,-36.8388,5/15/19,exact
SRR21996996,149.8152,-36.8388,5/15/19,exact
SRR21996997,149.8152,-36.8388,5/15/19,exact
SRR21996998,146.4266,-38.1575,5/14/19,exact
SRR21996999,149.6667,-37.3333,5/15/19,exact
SRR21997000,149.6667,-37.3333,5/15/19,exact
SRR21997001,149.6667,-37.3333,5/15/19,exact
SRR21997002,149.15,-37.57,5/15/19,exact
SRR21997003,145.03143,-37.21946,6/2/19,exact
SRR21997004,145.03143,-37.21946,6/2/19,exact
SRR21997005,145.03143,-37.21946,6/2/19,exact
SRR21997006,145.55906,-36.77763,6/2/19,exact
SRR21997007,145.55906,-36.77763,6/2/19,exact
SRR21997008,145.55906,-36.77763,6/2/19,exact
SRR21997009,146.09569,-36.50609,6/1/19,exact
SRR21997010,146.09569,-36.50609,6/1/19,exact
SRR21997011,149.15,-37.57,5/15/19,exact
SRR21997012,146.09569,-36.50609,6/1/19,exact
SRR21997013,146.69762,-36.10217,6/1/19,exact
SRR21997014,146.69762,-36.10217,6/1/19,exact
SRR21997015,146.69762,-36.10217,6/1/19,exact
SRR21997016,147.20339,-35.84188,6/1/19,exact
SRR21997017,147.20339,-35.84188,6/1/19,exact
SRR21997018,147.20339,-35.84188,6/1/19,exact
SRR21997019,147.77889,-35.2269,6/1/19,exact
SRR21997020,147.77889,-35.2269,6/1/19,exact
SRR21997021,147.77889,-35.2269,6/1/19,exact
SRR21997022,149.15,-37.57,5/15/19,exact
SRR21997023,148.6314,-34.8133,6/1/19,exact
SRR21997024,148.6314,-34.8133,6/1/19,exact
SRR21997025,148.6314,-34.8133,6/1/19,exact
SRR21997026,150.514,-34.4589,5/31/19,exact
SRR21997027,150.514,-34.4589,5/31/19,exact
SRR21997028,150.514,-34.4589,5/31/19,exact
SRR21997029,151.1178,-34.1318,5/31/19,exact
SRR21997030,151.1178,-34.1318,5/31/19,exact
SRR21997031,151.1178,-34.1318,5/31/19,exact
SRR21997032,151.0878,-33.525,5/31/19,exact
SRR21997033,148.88,-37.62,5/15/19,exact
SRR21997034,151.0878,-33.525,5/31/19,exact
SRR21997035,151.0878,-33.525,5/31/19,exact
SRR21997036,148.4975,-32.1967,5/18/19,exact
SRR21997037,148.19605,-32.93355,5/18/19,exact
SRR21997038,148.19605,-32.93355,5/18/19,exact
SRR21997039,148.19605,-32.93355,5/18/19,exact
SRR21997040,147.0833,-38.15,5/14/19,exact
SRR21997041,147.9059,-33.447,5/17/19,exact
SRR21997042,147.9059,-33.447,5/17/19,exact
SRR21997043,147.9059,-33.447,5/17/19,exact
SRR21997044,147.5498,-33.7585,5/17/19,exact
SRR21997045,147.5498,-33.7585,5/17/19,exact
SRR21997046,147.5498,-33.7585,5/17/19,exact
SRR21997047,148.0845,-33.8484,5/17/19,exact
SRR21997048,148.0845,-33.8484,5/17/19,exact
SRR21997049,148.0845,-33.8484,5/17/19,exact
SRR21997050,148.4259,-33.9164,5/17/19,exact
SRR21997051,146.7047,-38.1505,5/14/19,exact
SRR21997052,148.4259,-33.9164,5/17/19,exact
SRR21997053,148.4259,-33.9164,5/17/19,exact
SRR21997054,148.6645,-34.00425,5/17/19,exact
SRR21997055,148.6645,-34.00425,5/17/19,exact
SRR21997056,148.6645,-34.00425,5/17/19,exact
SRR21997057,148.71886,-34.50411,5/17/19,exact
SRR21997058,148.71886,-34.50411,5/17/19,exact
SRR21997059,148.71886,-34.50411,5/17/19,exact
SRR21997060,148.80715,-34.64132,5/17/19,exact
SRR21997061,148.80715,-34.64132,5/17/19,exact
SRR21997062,146.7047,-38.1505,5/14/19,exact
SRR21997063,148.80715,-34.64132,5/17/19,exact
SRR21997064,148.94792,-34.86359,5/17/19,exact
SRR21997065,148.94792,-34.86359,5/17/19,exact
SRR21997066,148.94792,-34.86359,5/17/19,exact
SRR21997067,149.1,-35.2667,5/16/19,exact
SRR21997068,149.1,-35.2667,5/16/19,exact
SRR21997069,149.1,-35.2667,5/16/19,exact
SRR21997070,149.78953,-35.67615,5/16/19,exact
SRR21997071,149.78953,-35.67615,5/16/19,exact
SRR21997072,151.55,-24.4167,5/28/19,exact
SRR21997073,150.9761,-23.6734,5/28/19,exact
SRR21997074,150.9761,-23.6734,5/28/19,exact
SRR21997075,150.9761,-23.6734,5/28/19,exact
SRR21997076,150.6667,-22.8333,5/28/19,exact
SRR21997077,150.6667,-22.8333,5/28/19,exact
SRR21997078,147.9351,-37.8718,5/14/19,exact
SRR21997079,150.6667,-22.8333,5/28/19,exact
SRR21997080,149.4667,-22.0333,5/27/19,exact
SRR21997081,149.4667,-22.0333,5/27/19,exact
SRR21997082,149.4667,-22.0333,5/27/19,exact
SRR21997083,149.07854,-21.14389,5/27/19,exact
SRR21997084,149.07854,-21.14389,5/27/19,exact
SRR21997085,149.07854,-21.14389,5/27/19,exact
SRR21997086,148.5364,-20.2835,5/27/19,exact
SRR21997087,148.5364,-20.2835,5/27/19,exact
SRR21997088,148.5364,-20.2835,5/27/19,exact
SRR21997089,147.9351,-37.8718,5/14/19,exact
SRR21997090,147.47626,-19.62466,5/27/19,exact
SRR21997091,147.47626,-19.62466,5/27/19,exact
SRR21997092,147.47626,-19.62466,5/27/19,exact
SRR21997093,145.5667,-19.2833,5/26/19,exact
SRR21997094,145.5667,-19.2833,5/26/19,exact
SRR21997095,145.5667,-19.2833,5/26/19,exact
SRR21997096,141.0762,-19.9401,5/25/19,exact
SRR21997097,141.0762,-19.9401,5/25/19,exact
SRR21997098,141.0762,-19.9401,5/25/19,exact
SRR21997099,140.2082,-19.8903,5/25/19,exact
SRR21997100,147.543,-38.095,5/14/19,exact
SRR21997101,140.2082,-19.8903,5/25/19,exact
SRR21997102,140.2082,-19.8903,5/25/19,exact
SRR21997103,140.25,-20.33,5/25/19,exact
SRR21997104,140.25,-20.33,5/25/19,exact
SRR21997105,140.25,-20.33,5/25/19,exact
SRR21997106,139.1333,-20.35,5/25/19,exact
SRR21997107,139.1333,-20.35,5/25/19,exact
SRR21997108,151.85085,-32.82402,5/31/19,exact
SRR21997109,151.85085,-32.82402,5/31/19,exact
SRR21997110,151.85085,-32.82402,5/31/19,exact
SRR21997111,152.4256,-31.9514,5/30/19,exact
SRR21997112,152.4256,-31.9514,5/30/19,exact
SRR21997113,152.4256,-31.9514,5/30/19,exact
SRR21997114,152.8173,-31.2634,5/30/19,exact
SRR21997115,152.8173,-31.2634,5/30/19,exact
SRR21997116,148.88,-37.62,5/15/19,exact
SRR21997117,152.8173,-31.2634,5/30/19,exact
SRR21997118,153.146,-30.1888,5/30/19,exact
SRR21997119,153.146,-30.1888,5/30/19,exact
SRR21997120,153.146,-30.1888,5/30/19,exact
SRR21997121,153.2604,-29.1788,5/30/19,exact
SRR21997122,153.2604,-29.1788,5/30/19,exact
SRR21997123,153.2604,-29.1788,5/30/19,exact
SRR21997124,153.6216,-28.6442,5/30/19,exact
SRR21997125,153.6216,-28.6442,5/30/19,exact
SRR21997126,153.6216,-28.6442,5/30/19,exact
SRR21997127,148.88,-37.62,5/15/19,exact
SRR21997128,153.1656,-27.5889,5/29/19,exact
SRR21997129,153.1656,-27.5889,5/29/19,exact
SRR21997130,153.1656,-27.5889,5/29/19,exact
SRR21997131,153.0546,-26.9139,5/29/19,exact
SRR21997132,153.0546,-26.9139,5/29/19,exact
SRR21997133,153.0546,-26.9139,5/29/19,exact
SRR21997134,152.9339,-25.7611,5/29/19,exact
SRR21997135,152.9339,-25.7611,5/29/19,exact
SRR21997136,152.9339,-25.7611,5/29/19,exact
SRR21997137,152.4667,-25.3,5/29/19,exact
SRR21997138,147.9351,-37.8718,5/14/19,exact
SRR21997139,145.8189,-38.0561,5/14/19,exact
SRR21997140,152.4667,-25.3,5/29/19,exact
SRR21997141,152.4667,-25.3,5/29/19,exact
SRR21997142,151.55,-24.4167,5/28/19,exact
SRR21997143,151.55,-24.4167,5/28/19,exact
SRR21997144,139.1333,-20.35,5/25/19,exact
SRR21997145,136,-19.8333,5/24/19,exact
SRR21997146,136,-19.8333,5/24/19,exact
SRR21997147,147.543,-38.095,5/14/19,exact
SRR21997148,136,-19.8333,5/24/19,exact
SRR21997149,134.4845,-19.4009,5/24/19,exact
SRR21997150,134.4845,-19.4009,5/24/19,exact
SRR21997151,134.4845,-19.4009,5/24/19,exact
SRR21997152,134.2,-20.05,5/23/19,exact
SRR21997153,134.2,-20.05,5/23/19,exact
SRR21997154,134.2,-20.05,5/23/19,exact
SRR21997155,133.42,-22.23,5/23/19,exact
SRR21997156,133.42,-22.23,5/23/19,exact
SRR21997157,133.42,-22.23,5/23/19,exact
SRR21997158,147.543,-38.095,5/14/19,exact
SRR21997159,133.8677,-23.5826,5/22/19,exact
SRR21997160,133.8677,-23.5826,5/22/19,exact
SRR21997161,133.8677,-23.5826,5/22/19,exact
SRR21997162,133.98,-22.98,5/22/19,exact
SRR21997163,133.98,-22.98,5/22/19,exact
SRR21997164,133.98,-22.98,5/22/19,exact
SRR21997165,134.41,-23.02,5/22/19,exact
SRR21997166,134.41,-23.02,5/22/19,exact
SRR21997167,134.41,-23.02,5/22/19,exact
SRR21997168,134.9,-23.02,5/21/19,exact
SRR21997169,147.3847,-38.1858,5/14/19,exact
SRR21997170,134.9,-23.02,5/21/19,exact
SRR21997171,134.9,-23.02,5/21/19,exact
SRR21997172,136.2,-22.93,5/21/19,exact
SRR21997173,136.2,-22.93,5/21/19,exact
SRR21997174,136.2,-22.93,5/21/19,exact
SRR21997175,139.88,-22.97,5/21/19,exact
SRR21997176,139.88,-22.97,5/21/19,exact
SRR21997177,139.88,-22.97,5/21/19,exact
SRR21997178,143.1281,-22.3861,5/21/19,exact
SRR21997179,143.1281,-22.3861,5/21/19,exact
SRR21997180,147.3847,-38.1858,5/14/19,exact
SRR21997181,143.1281,-22.3861,5/21/19,exact
SRR21997182,144.2333,-23.5,5/20/19,exact
SRR21997183,144.2333,-23.5,5/20/19,exact
SRR21997184,144.2333,-23.5,5/20/19,exact
SRR21997185,142.75,-25.3667,5/20/19,exact
SRR21997186,142.75,-25.3667,5/20/19,exact
SRR21997187,142.75,-25.3667,5/20/19,exact
SRR21997188,144.3028,-26.5865,5/20/19,exact
SRR21997189,144.3028,-26.5865,5/20/19,exact
SRR21997190,144.3028,-26.5865,5/20/19,exact
SRR21997191,147.3847,-38.1858,5/14/19,exact
SRR21997192,144.3697,-27.3872,5/19/19,exact
SRR21997193,144.3697,-27.3872,5/19/19,exact
SRR21997194,144.3697,-27.3872,5/19/19,exact
SRR21997195,143.8167,-27.9833,5/19/19,exact
SRR21997196,143.8167,-27.9833,5/19/19,exact
SRR21997197,143.8167,-27.9833,5/19/19,exact
SRR21997198,144.8638,-28.1378,5/19/19,exact
SRR21997199,144.8638,-28.1378,5/19/19,exact
SRR21997200,144.8638,-28.1378,5/19/19,exact
SRR21997201,145.7509,-28.0819,5/19/19,exact
SRR21997202,147.0833,-38.15,5/14/19,exact
SRR21997203,145.7509,-28.0819,5/19/19,exact
SRR21997204,145.7509,-28.0819,5/19/19,exact
SRR21997205,146.025,-29.9823,5/19/19,exact
SRR21997206,146.025,-29.9823,5/19/19,exact
SRR21997207,146.025,-29.9823,5/19/19,exact
SRR21997208,146.7617,-31.5466,5/18/19,exact
SRR21997209,146.7617,-31.5466,5/18/19,exact
SRR21997210,146.7617,-31.5466,5/18/19,exact
SRR21997211,147.4667,-31.7,5/18/19,exact
SRR21997212,147.4667,-31.7,5/18/19,exact
SRR21997213,147.0833,-38.15,5/14/19,exact
SRR21997214,145.8189,-38.0561,5/14/19,exact
SRR21997215,145.8189,-38.0561,5/14/19,exact
ERR4235969,-70.5493,-26.1102,3/13/16,exact
ERR4235970,-70.5493,-26.1102,3/13/16,exact
ERR4235971,-70.5493,-26.1102,3/13/16,exact
ERR4235972,-70.5493,-26.1102,3/13/16,exact
ERR4235973,-70.5493,-26.1102,3/13/16,exact
ERR4235974,-70.5493,-26.1102,3/14/16,exact
ERR4235975,-70.5493,-26.1102,3/14/16,exact
ERR4235976,-70.5493,-26.1102,3/14/16,exact
ERR4235977,-70.5493,-26.1102,3/14/16,exact
ERR4235978,-70.5493,-26.1102,3/14/16,exact
ERR4235979,-70.5493,-26.1102,3/13/16,exact
ERR4235980,-70.5493,-26.1102,3/13/16,exact
ERR4235981,-70.5493,-26.1102,3/13/16,exact
ERR4235982,-70.5493,-26.1102,3/13/16,exact
ERR4235985,-70.5493,-26.1102,3/14/16,exact
ERR4235986,-70.5493,-26.1102,3/14/16,exact
ERR4235987,-70.5493,-26.1102,3/14/16,exact
ERR4235988,-70.5493,-26.1102,3/14/16,exact
ERR4235989,-70.5493,-26.1102,3/13/16,exact
ERR4235990,-70.5493,-26.1102,3/13/16,exact
ERR4235991,-70.5493,-26.1102,3/13/16,exact
ERR4235992,-70.5493,-26.1102,3/13/16,exact
ERR4235995,-70.5493,-26.1102,3/14/16,exact
ERR4235996,-70.5493,-26.1102,3/14/16,exact
ERR4235997,-70.5493,-26.1102,3/14/16,exact
ERR4235998,-70.5493,-26.1102,3/14/16,exact
ERR4235999,-70.5493,-26.1102,3/13/16,exact
ERR4236000,-70.5493,-26.1102,3/13/16,exact
ERR4236001,-70.5493,-26.1102,3/13/16,exact
ERR4236002,-70.5493,-26.1102,3/13/16,exact
ERR4236005,-70.5493,-26.1102,3/14/16,exact
ERR4236006,-70.5493,-26.1102,3/14/16,exact
ERR4236007,-70.5493,-26.1102,3/14/16,exact
ERR4236008,-70.5493,-26.1102,3/14/16,exact
ERR4236009,-71.0635,-32.9559,4/3/16,exact
ERR4236010,-71.0635,-32.9559,4/3/16,exact
ERR4236011,-71.0635,-32.9559,4/3/16,exact
ERR4236012,-71.0635,-32.9559,4/3/16,exact
ERR4236015,-71.0635,-32.9559,4/14/16,exact
ERR4236016,-71.0635,-32.9559,4/14/16,exact
ERR4236017,-71.0635,-32.9559,4/14/16,exact
ERR4236018,-71.0635,-32.9559,4/14/16,exact
ERR4236019,-71.0635,-32.9559,4/3/16,exact
ERR4236020,-71.0635,-32.9559,4/3/16,exact
ERR4236021,-71.0635,-32.9559,4/3/16,exact
ERR4236022,-71.0635,-32.9559,4/3/16,exact
ERR4236025,-71.0635,-32.9559,4/14/16,exact
ERR4236026,-71.0635,-32.9559,4/14/16,exact
ERR4236027,-71.0635,-32.9559,4/14/16,exact
ERR4236028,-71.0635,-32.9559,4/14/16,exact
ERR4236029,-71.0635,-32.9559,4/3/16,exact
ERR4236030,-71.0635,-32.9559,4/3/16,exact
ERR4236031,-71.0635,-32.9559,4/3/16,exact
ERR4236032,-71.0635,-32.9559,4/3/16,exact
ERR4236035,-71.0635,-32.9559,4/14/16,exact
ERR4236036,-71.0635,-32.9559,4/14/16,exact
ERR4236037,-71.0635,-32.9559,4/14/16,exact
ERR4236038,-71.0635,-32.9559,4/14/16,exact
ERR4236039,-71.0635,-32.9559,4/3/16,exact
ERR4236040,-71.0635,-32.9559,4/3/16,exact
ERR4236041,-71.0635,-32.9559,4/3/16,exact
ERR4236042,-71.0635,-32.9559,4/3/16,exact
ERR4236045,-71.0635,-32.9559,4/14/16,exact
ERR4236046,-71.0635,-32.9559,4/14/16,exact
ERR4236047,-71.0635,-32.9559,4/14/16,exact
ERR4236048,-71.0635,-32.9559,4/14/16,exact
ERR4236049,-73.0135,-37.8077,4/19/16,exact
ERR4236050,-73.0135,-37.8077,4/19/16,exact
ERR4236051,-73.0135,-37.8077,4/19/16,exact
ERR4236052,-73.0135,-37.8077,4/19/16,exact
ERR4236055,-73.0135,-37.8077,4/25/16,exact
ERR4236056,-73.0135,-37.8077,4/25/16,exact
ERR4236057,-73.0135,-37.8077,4/25/16,exact
ERR4236058,-73.0135,-37.8077,4/25/16,exact
ERR4236059,-73.0135,-37.8077,4/19/16,exact
ERR4236060,-73.0135,-37.8077,4/19/16,exact
ERR4236061,-73.0135,-37.8077,4/19/16,exact
ERR4236062,-73.0135,-37.8077,4/19/16,exact
ERR4236065,-73.0135,-37.8077,4/25/16,exact
ERR4236066,-73.0135,-37.8077,4/25/16,exact
ERR4236067,-73.0135,-37.8077,4/25/16,exact
ERR4236068,-73.0135,-37.8077,4/25/16,exact
ERR4236069,-73.0135,-37.8077,4/19/16,exact
ERR4236070,-73.0135,-37.8077,4/19/16,exact
ERR4236071,-73.0135,-37.8077,4/19/16,exact
ERR4236072,-73.0135,-37.8077,4/19/16,exact
ERR4236075,-73.0135,-37.8077,4/25/16,exact
ERR4236076,-73.0135,-37.8077,4/25/16,exact
ERR4236077,-73.0135,-37.8077,4/25/16,exact
ERR4236078,-73.0135,-37.8077,4/25/16,exact
ERR4236079,-73.0135,-37.8077,4/19/16,exact
ERR4236080,-73.0135,-37.8077,4/19/16,exact
ERR4236081,-73.0135,-37.8077,4/19/16,exact
ERR4236082,-73.0135,-37.8077,4/19/16,exact
ERR4236085,-73.0135,-37.8077,4/25/16,exact
ERR4236086,-73.0135,-37.8077,4/25/16,exact
ERR4236087,-73.0135,-37.8077,4/25/16,exact
ERR4236088,-73.0135,-37.8077,4/25/16,exact
ERR4236089,-71.1663,-29.7574,3/24/16,exact
ERR4236090,-71.1663,-29.7574,3/24/16,exact
ERR4236091,-71.1663,-29.7574,3/24/16,exact
ERR4236092,-71.1663,-29.7574,3/24/16,exact
ERR4236095,-71.1663,-29.7574,3/29/16,exact
ERR4236096,-71.1663,-29.7574,3/29/16,exact
ERR4236097,-71.1663,-29.7574,3/29/16,exact
ERR4236098,-71.1663,-29.7574,3/29/16,exact
ERR4236099,-71.1663,-29.7574,3/24/16,exact
ERR4236100,-71.1663,-29.7574,3/24/16,exact
ERR4236101,-71.1663,-29.7574,3/24/16,exact
ERR4236102,-71.1663,-29.7574,3/24/16,exact
ERR4236105,-71.1663,-29.7574,3/29/16,exact
ERR4236106,-71.1663,-29.7574,3/29/16,exact
ERR4236107,-71.1663,-29.7574,3/29/16,exact
ERR4236108,-71.1663,-29.7574,3/29/16,exact
ERR4236109,-71.1663,-29.7574,3/24/16,exact
ERR4236110,-71.1663,-29.7574,3/24/16,exact
ERR4236111,-71.1663,-29.7574,3/24/16,exact
ERR4236112,-71.1663,-29.7574,3/24/16,exact
ERR4236115,-71.1663,-29.7574,3/29/16,exact
ERR4236116,-71.1663,-29.7574,3/29/16,exact
ERR4236117,-71.1663,-29.7574,3/29/16,exact
ERR4236118,-71.1663,-29.7574,3/29/16,exact
ERR4236119,-71.1663,-29.7574,3/24/16,exact
ERR4236120,-71.1663,-29.7574,3/24/16,exact
ERR4236121,-71.1663,-29.7574,3/24/16,exact
ERR4236122,-71.1663,-29.7574,3/24/16,exact
ERR4236125,-71.1663,-29.7574,3/29/16,exact
ERR4236126,-71.1663,-29.7574,3/29/16,exact
ERR4236127,-71.1663,-29.7574,3/29/16,exact
ERR4236128,-71.1663,-29.7574,3/29/16,exact
SRR3602029,-105.38,39.99,8/15/12,exact
SRR3607384,-105.38,39.99,8/15/12,exact
SRR3607506,-105.38,39.99,8/15/12,exact
SRR3607518,-105.38,39.99,8/15/12,exact
SRR3607519,-105.38,39.99,8/15/12,exact
SRR3607520,-105.38,39.99,8/15/12,exact
SRR3607521,-105.38,39.99,8/15/12,exact
SRR3607522,-105.38,39.99,8/15/12,exact
SRR3607523,-105.38,39.99,8/15/12,exact
SRR3607524,-105.38,39.99,8/15/12,exact
SRR3607525,-105.38,39.99,8/15/12,exact
SRR3607530,-105.38,39.99,8/15/12,exact
SRR3607531,-105.38,39.99,8/15/12,exact
SRR3607533,-105.38,39.99,8/15/12,exact
SRR3607534,-105.38,39.99,8/15/12,exact
SRR3607535,-105.38,39.99,8/15/12,exact
SRR3607536,-105.38,39.99,8/15/12,exact
SRR3607537,-105.38,39.99,8/15/12,exact
SRR3607538,-105.38,39.99,8/15/12,exact
SRR3607540,-105.38,39.99,8/15/12,exact
SRR3607541,-105.38,39.99,8/15/12,exact
SRR3607542,-65.8,18.3,7/25/12,exact
SRR3607543,-65.8,18.3,7/25/12,exact
SRR3607554,-65.8,18.3,7/25/12,exact
SRR3607615,-65.8,18.3,7/25/12,exact
SRR3607630,-65.8,18.3,7/25/12,exact
SRR3607632,-65.8,18.3,7/25/12,exact
SRR3607633,-65.8,18.3,7/25/12,exact
SRR3607663,-65.8,18.3,7/25/12,exact
SRR3607664,-65.8,18.3,7/25/12,exact
SRR3607665,-65.8,18.3,7/25/12,exact
SRR3607725,-65.8,18.3,7/25/12,exact
SRR3607726,-65.8,18.3,7/25/12,exact
SRR3607727,-65.8,18.3,7/25/12,exact
SRR3607728,-65.8,18.3,7/25/12,exact
SRR3607729,-65.8,18.3,7/25/12,exact
SRR3607731,-65.8,18.3,7/25/12,exact
SRR3607732,-65.8,18.3,7/25/12,exact
SRR3607733,-65.8,18.3,7/25/12,exact
SRR3607734,-65.8,18.3,7/25/12,exact
SRR3607735,-65.8,18.3,7/25/12,exact
SRR3607736,-65.8,18.3,7/25/12,exact
SRR3607737,-72.19,42.53,8/10/12,exact
SRR3607739,-72.19,42.53,8/10/12,exact
SRR3607741,-72.19,42.53,8/10/12,exact
SRR3607742,-72.19,42.53,8/10/12,exact
SRR3607743,-72.19,42.53,8/10/12,exact
SRR3607744,-72.19,42.53,8/10/12,exact
SRR3607746,-72.19,42.53,8/10/12,exact
SRR3607747,-72.19,42.53,8/10/12,exact
SRR3607748,-72.19,42.53,8/10/12,exact
SRR3607751,-72.19,42.53,8/10/12,exact
SRR3607752,-72.19,42.53,8/10/12,exact
SRR3607753,-72.19,42.53,8/10/12,exact
SRR3607754,-72.19,42.53,8/10/12,exact
SRR3607755,-72.19,42.53,8/10/12,exact
SRR3607757,-72.19,42.53,8/10/12,exact
SRR3607758,-72.19,42.53,8/10/12,exact
SRR3607759,-72.19,42.53,8/10/12,exact
SRR3607760,-72.19,42.53,8/10/12,exact
SRR3607761,-72.19,42.53,8/10/12,exact
SRR3607762,-72.19,42.53,8/10/12,exact
SRR3607764,-72.19,42.53,8/10/12,exact
SRR3607765,-83.5,35,8/1/12,exact
SRR3607766,-83.5,35,8/1/12,exact
SRR3607767,-83.5,35,8/1/12,exact
SRR3607768,-83.5,35,8/1/12,exact
SRR3607770,-83.5,35,8/1/12,exact
SRR3607771,-83.5,35,8/1/12,exact
SRR3607772,-83.5,35,8/1/12,exact
SRR3607773,-83.5,35,8/1/12,exact
SRR3607776,-83.5,35,8/1/12,exact
SRR3607777,-83.5,35,8/1/12,exact
SRR3607778,-83.5,35,8/1/12,exact
SRR3607779,-83.5,35,8/1/12,exact
SRR3607780,-83.5,35,8/1/12,exact
SRR3607781,-83.5,35,8/1/12,exact
SRR3607786,-83.5,35,8/1/12,exact
SRR3607797,-83.5,35,8/1/12,exact
SRR3607853,-83.5,35,8/1/12,exact
SRR3607854,-83.5,35,8/1/12,exact
SRR3607855,-83.5,35,8/1/12,exact
SRR3607856,-83.5,35,8/1/12,exact
SRR3607858,-83.5,35,8/1/12,exact
SRR3607859,-79.85,9.15,7/15/12,exact
SRR3607860,-79.85,9.15,7/15/12,exact
SRR3607862,-79.85,9.15,7/15/12,exact
SRR3607863,-79.85,9.15,7/15/12,exact
SRR3607864,-79.85,9.15,7/15/12,exact
SRR3607865,-79.85,9.15,7/15/12,exact
SRR3607866,-79.85,9.15,7/15/12,exact
SRR3607885,-79.85,9.15,7/15/12,exact
SRR3607887,-79.85,9.15,7/15/12,exact
SRR3607888,-79.85,9.15,7/15/12,exact
SRR3607892,-79.85,9.15,7/15/12,exact
SRR3607897,-79.85,9.15,7/15/12,exact
SRR3607899,-79.85,9.15,7/15/12,exact
SRR3607900,-79.85,9.15,7/15/12,exact
SRR3607901,-79.85,9.15,7/15/12,exact
SRR3607903,-79.85,9.15,7/15/12,exact
SRR3607904,-79.85,9.15,7/15/12,exact
SRR3607905,-79.85,9.15,7/15/12,exact
SRR3607906,-79.85,9.15,7/15/12,exact
SRR3607907,-79.85,9.15,7/15/12,exact
SRR3607908,-79.85,9.15,7/15/12,exact
SRR3607909,-122.26,44.2,7/1/12,exact
SRR3607910,-122.26,44.2,7/1/12,exact
SRR3607911,-122.26,44.2,7/1/12,exact
SRR3607912,-122.26,44.2,7/1/12,exact
SRR3607913,-122.26,44.2,7/1/12,exact
SRR3607914,-122.26,44.2,7/1/12,exact
SRR3607920,-122.26,44.2,7/1/12,exact
SRR3607921,-122.26,44.2,7/1/12,exact
SRR3607922,-122.26,44.2,7/1/12,exact
SRR3607923,-122.26,44.2,7/1/12,exact
SRR3607924,-122.26,44.2,7/1/12,exact
SRR3607925,-122.26,44.2,7/1/12,exact
SRR3607927,-122.26,44.2,7/1/12,exact
SRR3607928,-122.26,44.2,7/1/12,exact
SRR3607930,-122.26,44.2,7/1/12,exact
SRR3607931,-122.26,44.2,7/1/12,exact
SRR3607933,-122.26,44.2,7/1/12,exact
SRR3607935,-122.26,44.2,7/1/12,exact
SRR3607936,-122.26,44.2,7/1/12,exact
SRR3607938,-122.26,44.2,7/1/12,exact
SRR3607939,-122.26,44.2,7/1/12,exact
SRR13692326,-158.06264,21.64051,11/8/18,exact
SRR13692327,-158.06264,21.64051,11/8/18,exact
SRR13692328,-158.06264,21.64051,11/8/18,exact
SRR13692329,-158.06264,21.64051,11/8/18,exact
SRR13692330,-158.06264,21.64051,11/8/18,exact
SRR13692331,-158.06264,21.64051,11/8/18,exact
SRR13692332,-158.06264,21.64051,11/8/18,exact
SRR13692334,-158.06264,21.64051,11/8/18,exact
SRR13692335,-158.06264,21.64051,11/8/18,exact
SRR13692434,-158.01466,21.6203,5/21/18,exact
SRR13692435,-158.01466,21.6203,5/21/18,exact
SRR13692436,-158.01466,21.6203,5/21/18,exact
SRR13692437,-158.01466,21.6203,5/21/18,exact
SRR13692438,-158.01466,21.6203,5/21/18,exact
SRR13692439,-158.01466,21.6203,5/21/18,exact
SRR13692440,-158.01466,21.6203,5/21/18,exact
SRR13692441,-158.01466,21.6203,5/21/18,exact
SRR13692442,-158.01466,21.6203,5/21/18,exact
SRR13692528,-158.05209,21.6336,3/6/18,exact
SRR13692539,-158.05209,21.6336,3/6/18,exact
SRR13692550,-158.05209,21.6336,3/6/18,exact
SRR13692584,-158.04771,21.63094,4/11/18,exact
SRR13692585,-158.04771,21.63094,4/11/18,exact
SRR13692586,-158.04771,21.63094,4/11/18,exact
SRR13692587,-158.04771,21.63094,4/11/18,exact
SRR13692588,-158.04771,21.63094,4/11/18,exact
SRR13692589,-158.04771,21.63094,4/11/18,exact
SRR13692591,-158.04771,21.63094,4/11/18,exact
SRR13692593,-158.04771,21.63094,4/11/18,exact
SRR13692705,-158.05209,21.6336,3/6/18,exact
SRR13692716,-158.05209,21.6336,3/6/18,exact
SRR13692728,-158.05209,21.6336,3/6/18,exact
SRR13692885,-158.05209,21.6336,3/6/18,exact
SRR13692911,-158.04263,21.62997,4/18/18,exact
SRR13692912,-158.04263,21.62997,4/18/18,exact
SRR13692913,-158.04263,21.62997,4/18/18,exact
SRR13692915,-158.04263,21.62997,4/18/18,exact
SRR13692916,-158.04263,21.62997,4/18/18,exact
SRR13692917,-158.04263,21.62997,4/18/18,exact
SRR13692918,-158.04263,21.62997,4/18/18,exact
SRR13692919,-158.04263,21.62997,4/18/18,exact
SRR13692920,-158.04263,21.62997,4/18/18,exact
SRR13692992,-158.05209,21.6336,3/6/18,exact
SRR13693003,-158.05209,21.6336,3/6/18,exact
SRR13693164,-158.05855,21.63696,4/25/18,exact
SRR13693165,-158.05855,21.63696,4/25/18,exact
SRR13693166,-158.05855,21.63696,4/25/18,exact
SRR13693167,-158.05855,21.63696,4/25/18,exact
SRR13693168,-158.05855,21.63696,4/25/18,exact
SRR13693169,-158.05855,21.63696,4/25/18,exact
SRR13693170,-158.05855,21.63696,4/25/18,exact
SRR13693171,-158.05855,21.63696,4/25/18,exact
SRR13693172,-158.05855,21.63696,4/25/18,exact
SRR13952339,-157.95499,21.59049,7/1/19,exact
SRR13952340,-157.95499,21.59049,7/1/19,exact
SRR13952341,-157.95499,21.59049,7/1/19,exact
SRR23092114,109.4541667,18.3275,8/1/21,exact
SRR23092115,110.3627778,19.10388889,8/1/21,exact
SRR23092116,109.9338889,18.52222222,8/1/21,exact
SRR23092117,110.5458333,19.8825,8/1/21,exact
SRR23092118,107.0227778,27.04277778,8/1/21,exact
SRR23092119,108.3725,22.88888889,8/1/21,exact
SRR23092120,108.5777778,22.97777778,8/1/21,exact
SRR23092121,109.0902778,24.10416667,8/1/21,exact
SRR23092122,117.4222222,30.64527778,8/1/21,exact
SRR23092123,109.3694444,24.20777778,8/1/21,exact
SRR23092124,109.3694444,24.20194444,8/1/21,exact
SRR23092125,110.7161111,24.79222222,8/1/21,exact
SRR23092126,110.2833333,25.06888889,8/1/21,exact
SRR23092127,110.1180556,25.7575,8/1/21,exact
SRR23092128,113.3177778,23.15777778,8/1/21,exact
SRR23092129,117.8511111,24.55027778,8/1/21,exact
SRR23092130,117.8063889,24.61166667,8/1/21,exact
SRR23092131,117.8947222,24.52583333,8/1/21,exact
SRR23092132,117.9261111,24.50972222,8/1/21,exact
SRR23092133,117.4869444,30.63333333,8/1/21,exact
SRR23092134,118.1669444,25.03472222,8/1/21,exact
SRR23092135,118.0305556,27.76083333,8/1/21,exact
SRR23092136,119.7911111,26.49388889,8/1/21,exact
SRR23092137,109.5730556,30.39583333,8/1/21,exact
SRR23092138,113.0172222,29.43583333,8/1/21,exact
SRR23092139,120.4588889,30.63388889,8/1/21,exact
SRR23092140,118.9261111,28.87722222,8/1/21,exact
SRR23092141,116.7705556,35.96916667,8/1/21,exact
SRR23092142,120.1038889,36.06444444,8/1/21,exact
SRR23092143,103.4188889,29.53333333,8/1/21,exact
SRR23092144,103.5969444,29.55,8/1/21,exact
SRR23092145,122.405,41.01583333,8/1/21,exact
SRR23092146,118.0672222,27.73972222,8/1/21,exact
SRR23092147,114.5075,38.04666667,8/1/21,exact
SRR23092148,112.8005556,29.50166667,8/1/21,exact
SRR23092149,117.3336111,39.24361111,8/1/21,exact
SRR23092150,110.6444444,19.95638889,8/1/21,exact
SRR23092151,117.1675,38.89083333,8/1/21,exact
SRR23092152,117.5336111,38.92111111,8/1/21,exact
SRR23092153,117.1397222,38.99638889,8/1/21,exact
SRR23092154,117.15,38.98472222,8/1/21,exact
SRR23092155,104.5591667,28.89083333,8/1/21,exact
SRR23092156,109.1386111,34.41305556,8/1/21,exact
SRR23092157,108.9091667,34.04972222,8/1/21,exact
SRR23092158,108.7952778,33.98444444,8/1/21,exact
SRR23092159,107.0741667,34.51361111,8/1/21,exact
SRR23092160,118.31,31.23694444,8/1/21,exact
SRR23092161,111.8375,38.71833333,8/1/21,exact
SRR23092162,112.7463889,37.65305556,8/1/21,exact
SRR23092163,116.7844444,35.90555556,8/1/21,exact
SRR23092164,120.3641667,36.08,8/1/21,exact
SRR23092165,121.3861111,37.52527778,8/1/21,exact
SRR23092166,121.3841667,37.52472222,8/1/21,exact
SRR23092167,121.3783333,37.46361111,8/1/21,exact
SRR23092168,120.4247222,36.09527778,8/1/21,exact
SRR23092169,108.4222222,38.43194444,8/1/21,exact
SRR23092170,122.5497222,42.68444444,8/1/21,exact
SRR23092171,120.0927778,30.37777778,8/1/21,exact
SRR23092172,115.74,28.75138889,8/1/21,exact
SRR23092173,115.0369444,27.05861111,8/1/21,exact
SRR23092174,115.9283333,28.75694444,8/1/21,exact
SRR23092175,115.7561111,28.78777778,8/1/21,exact
SRR23092176,116.0563889,28.775,8/1/21,exact
SRR23092177,116.0538889,28.76805556,8/1/21,exact
SRR23092178,115.9297222,29.58055556,8/1/21,exact
SRR23092179,115.8405556,29.67694444,8/1/21,exact
SRR23092180,115.8986111,29.70972222,8/1/21,exact
SRR23092181,115.0511111,27.11722222,8/1/21,exact
SRR23092182,110.6327778,19.88611111,8/1/21,exact
SRR23092183,110.3866667,19.19583333,8/1/21,exact
SRR23092184,102.8861111,24.89805556,8/1/21,exact
SRR23092185,113.5805556,22.3675,8/1/21,exact
SRR23092186,116.3836111,44.12944444,8/1/21,exact
SRR23092187,116.9394444,44.39583333,8/1/21,exact
SRR23092188,117.9308333,43.91638889,8/1/21,exact
SRR23092189,103.85,30.72305556,8/1/21,exact
SRR23092190,117.7383333,44.21611111,8/1/21,exact
SRR23092191,117.7027778,44.50416667,8/1/21,exact
SRR23092192,117.7033333,44.45861111,8/1/21,exact
SRR23092193,117.1552778,45.29388889,8/1/21,exact
SRR23092194,117.3158333,45.01111111,8/1/21,exact
SRR23092195,117.4583333,44.75972222,8/1/21,exact
SRR23092196,117.4819444,44.68916667,8/1/21,exact
SRR23092197,117.4716667,44.70972222,8/1/21,exact
SRR23092198,118.7619444,25.92666667,8/1/21,exact
SRR23092199,113.1683333,25.51722222,8/1/21,exact
SRR23092200,119.2930556,26.14361111,8/1/21,exact
SRR23092201,113.5377778,22.32694444,8/1/21,exact
SRR23092202,100.3444444,25.62888889,8/1/21,exact
SRR23092203,112.9927778,37.39361111,8/1/21,exact
SRR23092204,114.6188889,39.25083333,8/1/21,exact
SRR23092205,123.2047222,49.53805556,8/1/21,exact
SRR23092206,122.02,51.725,8/1/21,exact
SRR23092207,110.1016667,21.13388889,8/1/21,exact
SRR23092208,112.4183333,22.40055556,8/1/21,exact
SRR23092209,110.6577778,19.89333333,8/1/21,exact
SRR23092210,110.5938889,19.88805556,8/1/21,exact
SRR23092211,119.3630556,26.93888889,8/1/21,exact
SRR23092212,118.6269444,32.48555556,8/1/21,exact
SRR23092213,118.6344444,32.48111111,8/1/21,exact
SRR23092214,116.3305556,35.99555556,8/1/21,exact
SRR23092215,117.9802778,36.93111111,8/1/21,exact
SRR23092216,118.9838889,29.05,8/1/21,exact
SRR23092217,118.9744444,29.02222222,8/1/21,exact
SRR23092218,118.32,31.25,8/1/21,exact
SRR23092219,120.0252778,33.3725,8/1/21,exact
SRR23092220,119.0763889,33.08222222,8/1/21,exact
SRR23092221,120.0316667,31.04305556,8/1/21,exact
SRR23092222,120.0108333,32.08444444,8/1/21,exact
SRR23092223,120.0363889,31.02388889,8/1/21,exact
SRR23092224,117.1608333,31.02805556,8/1/21,exact
SRR23092225,120.0344444,31.02277778,8/1/21,exact
SRR23092226,125.4627778,43.78666667,8/1/21,exact
SRR23092227,125.3302778,43.90777778,8/1/21,exact
SRR23092228,128.5641667,42.95055556,8/1/21,exact
SRR23092229,117.1713889,30.83416667,8/1/21,exact
SRR23092230,124.4161111,45.11861111,8/1/21,exact
SRR23092231,124.9825,45.0125,8/1/21,exact
SRR23092232,113.1330556,29.2975,8/1/21,exact
SRR23092233,113.1183333,29.26416667,8/1/21,exact
SRR23092234,112.8266667,25.5125,8/1/21,exact
SRR23092235,113.0325,25.8,8/1/21,exact
SRR23092236,113.0325,25.91138889,8/1/21,exact
SRR23092237,113.0055556,25.89861111,8/1/21,exact
SRR23092238,112.37,30.36805556,8/1/21,exact
SRR23092239,109.5833333,30.39944444,8/1/21,exact
SRR23092240,117.2347222,31.6625,8/1/21,exact
SRR23092241,114.9216667,35.37,8/1/21,exact
SRR23092242,114.7486111,35.20472222,8/1/21,exact
SRR23092243,114.8311111,35.22777778,8/1/21,exact
SRR23092244,114.8736111,35.28111111,8/1/21,exact
SRR23092245,114.9069444,35.31666667,8/1/21,exact
SRR23092246,114.7463889,41.16777778,8/1/21,exact
SRR23092247,115.4086111,41.23333333,8/1/21,exact
SRR23092248,114.8925,37.87444444,8/1/21,exact
SRR23092249,114.3455556,37.91027778,8/1/21,exact
SRR23092250,114.7902778,37.9525,8/1/21,exact
SRR23092251,117.2388889,31.86722222,8/1/21,exact
SRR23092252,115.9369444,38.94472222,8/1/21,exact
SRR23092253,109.4611111,18.33722222,8/1/21,exact
SRR23092254,119.0741667,26.22527778,8/1/21,exact
SRR23092255,119.0655556,26.22222222,8/1/21,exact
SRR23092256,106.7311111,23.65444444,8/1/21,exact
SRR23092257,106.6186111,23.64388889,8/1/21,exact
SRR23092258,119.2783333,26.16833333,8/1/21,exact
SRR23092259,114.5036111,32.23388889,8/1/21,exact
SRR23092260,114.5033333,32.23472222,8/1/21,exact
SRR23092261,132.6041667,47.18277778,8/1/21,exact
SRR23092262,132.6319444,47.1925,8/1/21,exact
SRR23092263,111.2705556,28.74861111,8/1/21,exact
SRR23092264,111.2688889,28.74,8/1/21,exact
SRR23092265,122.8694444,45.74083333,8/1/21,exact
SRR23092266,123.0369444,45.56,8/1/21,exact
SRR23092267,115.7561111,29.31333333,8/1/21,exact
SRR23092268,121.43,28.47361111,8/1/21,exact
SRR23092269,116.6447222,40.0175,8/1/21,exact
SRR23092270,126.7794444,45.67916667,8/1/21,exact
SRR23092271,116.1877778,35.90555556,8/1/21,exact
SRR23092272,100.3277778,36.05583333,8/1/21,exact
SRR23092273,101.6144444,36.48361111,8/1/21,exact
SRR23092274,113.9444444,34.92583333,8/1/21,exact
SRR23092275,101.8716667,33.67472222,8/1/21,exact
SRR23092276,120.4575,30.66305556,8/1/21,exact
SRR23092277,108.9444444,28.42777778,8/1/21,exact
SRR23092278,106.4805556,30.20138889,8/1/21,exact
SRR23092279,100.2008333,26.96027778,8/1/21,exact
SRR23092280,116.3722222,40.01194444,8/1/21,exact
SRR23092281,100.1480556,26.86611111,8/1/21,exact
SRR23092282,100.335,25.57972222,8/1/21,exact
SRR23092283,100.32,25.58666667,8/1/21,exact
SRR23092284,117.025,39.61111111,8/1/21,exact
SRR23092285,117.0319444,39.54694444,8/1/21,exact
SRR23092286,117.4744444,39.27666667,8/1/21,exact
SRR23092287,117.475,38.90638889,8/1/21,exact
SRR23092288,117.6538889,39.09833333,8/1/21,exact
SRR23092289,117.6555556,39.04416667,8/1/21,exact
SRR23092290,123.4563889,41.63638889,8/1/21,exact
SRR23092291,118.2980556,31.27694444,8/1/21,exact
SRR23092292,117.4927778,30.64388889,8/1/21,exact
SRR23092293,117.4133333,30.65416667,8/1/21,exact
SRR24581161,-88.27735,42.99575,6/11/20,exact
SRR24581162,-88.27735,42.99575,6/11/20,exact
SRR24581163,-88.27735,42.99575,6/11/20,exact
SRR24581164,-88.27735,42.99575,6/11/20,exact
SRR24581165,-88.27735,42.99575,6/11/20,exact
SRR24581166,-88.27735,42.99575,6/11/20,exact
SRR24581167,-88.27735,42.99575,9/1/20,exact
SRR24581168,-88.27735,42.99575,5/29/20,exact
SRR24581169,-88.27735,42.99575,5/29/20,exact
SRR24581170,-88.27735,42.99575,5/29/20,exact
SRR24581171,-88.27735,42.99575,5/29/20,exact
SRR24581172,-88.27735,42.99575,5/29/20,exact
SRR24581173,-88.27735,42.99575,5/29/20,exact
SRR24581174,-88.27735,42.99575,5/29/20,exact
SRR24581175,-88.27735,42.99575,5/29/20,exact
SRR24581176,-88.27735,42.99575,5/29/20,exact
SRR24581177,-88.27735,42.99575,5/29/20,exact
SRR24581178,-88.27735,42.99575,9/1/20,exact
SRR24581179,-88.27735,42.99575,5/11/20,exact
SRR24581180,-88.27735,42.99575,5/11/20,exact
SRR24581181,-88.27735,42.99575,5/11/20,exact
SRR24581182,-88.27735,42.99575,5/11/20,exact
SRR24581183,-88.27735,42.99575,5/11/20,exact
SRR24581184,-88.27735,42.99575,5/11/20,exact
SRR24581185,-88.27735,42.99575,5/11/20,exact
SRR24581186,-88.27735,42.99575,5/11/20,exact
SRR24581187,-88.27735,42.99575,5/11/20,exact
SRR24581188,-88.27735,42.99575,5/11/20,exact
SRR24581189,-88.27735,42.99575,9/1/20,exact
SRR24581190,-88.27735,42.99575,7/22/20,exact
SRR24581191,-88.27735,42.99575,7/22/20,exact
SRR24581192,-88.27735,42.99575,7/22/20,exact
SRR24581193,-88.27735,42.99575,7/22/20,exact
SRR24581194,-88.27735,42.99575,7/22/20,exact
SRR24581195,-88.27735,42.99575,7/22/20,exact
SRR24581196,-88.27735,42.99575,7/22/20,exact
SRR24581197,-88.27735,42.99575,7/22/20,exact
SRR24581198,-88.27735,42.99575,7/22/20,exact
SRR24581199,-88.27735,42.99575,7/22/20,exact
SRR24581200,-88.27735,42.99575,9/1/20,exact
SRR24581201,-88.27735,42.99575,6/25/20,exact
SRR24581202,-88.27735,42.99575,6/25/20,exact
SRR24581203,-88.27735,42.99575,6/25/20,exact
SRR24581204,-88.27735,42.99575,6/25/20,exact
SRR24581205,-88.27735,42.99575,6/25/20,exact
SRR24581206,-88.27735,42.99575,6/25/20,exact
SRR24581207,-88.27735,42.99575,6/25/20,exact
SRR24581208,-88.27735,42.99575,6/25/20,exact
SRR24581209,-88.27735,42.99575,6/25/20,exact
SRR24581210,-88.27735,42.99575,6/25/20,exact
SRR24581211,-88.27735,42.99575,9/1/20,exact
SRR24581212,-88.27735,42.99575,7/7/20,exact
SRR24581213,-88.27735,42.99575,7/7/20,exact
SRR24581214,-88.27735,42.99575,7/7/20,exact
SRR24581215,-88.27735,42.99575,7/7/20,exact
SRR24581216,-88.27735,42.99575,7/7/20,exact
SRR24581217,-88.27735,42.99575,7/7/20,exact
SRR24581218,-88.27735,42.99575,7/7/20,exact
SRR24581219,-88.27735,42.99575,7/7/20,exact
SRR24581220,-88.27735,42.99575,7/7/20,exact
SRR24581221,-88.27735,42.99575,7/7/20,exact
SRR24581222,-88.27735,42.99575,9/1/20,exact
SRR24581223,-88.27735,42.99575,7/8/20,exact
SRR24581224,-88.27735,42.99575,7/8/20,exact
SRR24581225,-88.27735,42.99575,7/8/20,exact
SRR24581226,-88.27735,42.99575,7/8/20,exact
SRR24581227,-88.27735,42.99575,7/8/20,exact
SRR24581228,-88.27735,42.99575,7/8/20,exact
SRR24581229,-88.27735,42.99575,7/8/20,exact
SRR24581230,-88.27735,42.99575,7/8/20,exact
SRR24581231,-88.27735,42.99575,7/8/20,exact
SRR24581232,-88.27735,42.99575,7/8/20,exact
SRR24581233,-88.27735,42.99575,9/1/20,exact
SRR24581234,-88.27735,42.99575,8/19/20,exact
SRR24581235,-88.27735,42.99575,8/19/20,exact
SRR24581236,-88.27735,42.99575,8/19/20,exact
SRR24581237,-88.27735,42.99575,8/19/20,exact
SRR24581238,-88.27735,42.99575,8/19/20,exact
SRR24581239,-88.27735,42.99575,8/19/20,exact
SRR24581240,-88.27735,42.99575,8/19/20,exact
SRR24581241,-88.27735,42.99575,8/19/20,exact
SRR24581242,-88.27735,42.99575,8/19/20,exact
SRR24581243,-88.27735,42.99575,8/19/20,exact
SRR24581244,-88.27735,42.99575,9/1/20,exact
SRR24581245,-88.27735,42.99575,8/6/20,exact
SRR24581246,-88.27735,42.99575,8/6/20,exact
SRR24581247,-88.27735,42.99575,8/6/20,exact
SRR24581248,-88.27735,42.99575,6/11/20,exact
SRR24581249,-88.27735,42.99575,8/6/20,exact
SRR24581251,-88.27735,42.99575,6/11/20,exact
SRR24581252,-88.27735,42.99575,6/11/20,exact
SRR24581253,-88.27735,42.99575,8/6/20,exact
SRR24581254,-88.27735,42.99575,8/6/20,exact
SRR24581255,-88.27735,42.99575,8/6/20,exact
SRR24581256,-88.27735,42.99575,8/6/20,exact
SRR24581257,-88.27735,42.99575,9/20/20,exact
SRR24581258,-88.27735,42.99575,9/20/20,exact
SRR24581259,-88.27735,42.99575,9/20/20,exact
SRR24581260,-88.27735,42.99575,9/20/20,exact
SRR24581261,-88.27735,42.99575,9/20/20,exact
SRR24581262,-88.27735,42.99575,9/16/20,exact
SRR24581263,-88.27735,42.99575,9/16/20,exact
SRR24581264,-88.27735,42.99575,9/16/20,exact
SRR24581265,-88.27735,42.99575,9/16/20,exact
SRR24581266,-88.27735,42.99575,9/16/20,exact
SRR24581267,-88.27735,42.99575,8/6/20,exact
SRR24581268,-88.27735,42.99575,10/29/20,exact
SRR24581269,-88.27735,42.99575,10/29/20,exact
SRR24581270,-88.27735,42.99575,10/29/20,exact
SRR24581271,-88.27735,42.99575,10/29/20,exact
SRR24581272,-88.27735,42.99575,10/29/20,exact
SRR24581273,-88.27735,42.99575,10/16/20,exact
SRR24581274,-88.27735,42.99575,10/16/20,exact
SRR24581275,-88.27735,42.99575,10/16/20,exact
SRR24581276,-88.27735,42.99575,10/16/20,exact
SRR24581277,-88.27735,42.99575,10/16/20,exact
SRR24581278,-88.27735,42.99575,8/6/20,exact
SRR24581279,-88.27735,42.99575,9/1/20,exact
SRR24581280,-88.27735,42.99575,9/1/20,exact
SRR27047231,-21.178,64.008,8/13/20,exact
SRR27047232,-21.178,64.008,8/13/20,exact
SRR27047236,-21.178,64.008,8/13/20,exact
SRR27047237,-21.178,64.008,8/13/20,exact
SRR27047238,-21.178,64.008,8/13/20,exact
SRR27047239,-21.178,64.008,8/13/20,exact
SRR27047240,-21.178,64.008,8/13/20,exact
SRR27047241,-21.178,64.008,8/13/20,exact
SRR27047242,-21.178,64.008,8/13/20,exact
SRR27047243,-21.178,64.008,8/13/20,exact
SRR27047244,-21.178,64.008,8/13/20,exact
SRR27047245,-21.178,64.008,8/13/20,exact
SRR27047246,-21.178,64.008,8/13/20,exact
SRR27047251,-21.178,64.008,8/13/20,exact
SRR27047252,-21.178,64.008,8/13/20,exact
SRR27047253,-21.178,64.008,8/13/20,exact
SRR27047254,-21.178,64.008,8/13/20,exact
SRR27047255,-21.178,64.008,8/13/20,exact
SRR27047256,-21.178,64.008,8/13/20,exact
SRR27047257,-21.178,64.008,8/13/20,exact
SRR27047258,-21.178,64.008,8/13/20,exact
SRR27047259,-21.178,64.008,8/13/20,exact
SRR27047260,-21.178,64.008,8/13/20,exact
SRR27047261,-21.178,64.008,8/13/20,exact
SRR27047264,-21.178,64.008,8/13/20,exact
SRR27047266,-21.178,64.008,8/13/20,exact
SRR27047267,-21.178,64.008,8/13/20,exact
SRR27047268,-21.178,64.008,8/13/20,exact
SRR27047269,-21.178,64.008,8/13/20,exact
SRR27047270,-21.178,64.008,8/13/20,exact
SRR27047271,-21.178,64.008,8/13/20,exact
SRR27047272,-21.178,64.008,8/13/20,exact
SRR27047273,-21.178,64.008,8/13/20,exact
SRR27047274,-21.178,64.008,8/13/20,exact
SRR27047280,-21.178,64.008,8/13/20,exact
SRR27047281,-21.178,64.008,8/13/20,exact
SRR27047282,-21.178,64.008,8/13/20,exact
SRR27047283,-21.178,64.008,8/13/20,exact
SRR27047284,-21.178,64.008,8/13/20,exact
SRR27047285,-21.178,64.008,8/13/20,exact
SRR27047286,-21.178,64.008,8/13/20,exact
SRR27047287,-21.178,64.008,8/13/20,exact
SRR27047288,-21.178,64.008,8/13/20,exact
SRR27047289,-21.178,64.008,8/13/20,exact
SRR27047290,-21.178,64.008,8/13/20,exact
SRR27047291,-21.178,64.008,8/13/20,exact
SRR27047292,-21.178,64.008,8/13/20,exact
SRR27047293,-21.178,64.008,8/13/20,exact
SRR27047294,-21.178,64.008,8/13/20,exact
SRR27047295,-21.178,64.008,8/13/20,exact
SRR27047296,-21.178,64.008,8/13/20,exact
SRR27047297,-21.178,64.008,8/13/20,exact
SRR27047298,-21.178,64.008,8/13/20,exact
SRR27047299,-21.178,64.008,8/13/20,exact
SRR27047300,-21.178,64.008,8/13/20,exact
SRR27047301,-21.178,64.008,8/13/20,exact
SRR27047302,-21.178,64.008,8/13/20,exact
SRR27047305,-21.178,64.008,8/13/20,exact
SRR27047307,-21.178,64.008,8/13/20,exact
SRR27047309,-21.178,64.008,8/13/20,exact
SRR27047310,-21.178,64.008,8/13/20,exact
SRR27047311,-21.178,64.008,8/13/20,exact
SRR27047312,-21.178,64.008,8/13/20,exact
SRR27047314,-21.178,64.008,8/13/20,exact
SRR27047315,-21.178,64.008,8/13/20,exact
SRR27047316,-21.178,64.008,8/13/20,exact
SRR27047317,-21.178,64.008,8/13/20,exact
SRR27047318,-21.178,64.008,8/13/20,exact
SRR27047319,-21.178,64.008,8/13/20,exact
SRR27047320,-21.178,64.008,8/13/20,exact
SRR27047321,-21.178,64.008,8/13/20,exact
SRR27047322,-21.178,64.008,8/13/20,exact
SRR27047323,-21.178,64.008,8/13/20,exact
SRR27047325,-21.178,64.008,8/13/20,exact
SRR27047326,-21.178,64.008,8/13/20,exact
SRR27047327,-21.178,64.008,8/13/20,exact
SRR27047328,-21.178,64.008,8/13/20,exact
SRR27047329,-21.178,64.008,8/13/20,exact
SRR27047330,-21.178,64.008,8/13/20,exact
SRR27047331,-21.178,64.008,8/13/20,exact
SRR27047332,-21.178,64.008,8/13/20,exact
SRR27047333,-21.178,64.008,8/13/20,exact
SRR27047334,-21.178,64.008,8/13/20,exact
SRR27047335,-21.178,64.008,8/13/20,exact
SRR27047336,-21.178,64.008,8/13/20,exact
SRR27047338,-21.178,64.008,8/13/20,exact
SRR27047339,-21.178,64.008,8/13/20,exact
SRR27047340,-21.178,64.008,8/13/20,exact
SRR27047342,-21.178,64.008,8/13/20,exact
SRR27047346,-21.178,64.008,8/13/20,exact
SRR27047347,-21.178,64.008,8/13/20,exact
SRR27047348,-21.178,64.008,8/13/20,exact
SRR27047349,-21.178,64.008,8/13/20,exact
SRR27047350,-21.178,64.008,8/13/20,exact
SRR27047353,-21.178,64.008,8/13/20,exact
SRR27047358,-21.178,64.008,8/13/20,exact
SRR27047359,-21.178,64.008,8/13/20,exact
SRR27047360,-21.178,64.008,8/13/20,exact
SRR27047361,-21.178,64.008,8/13/20,exact
SRR27047362,-21.178,64.008,8/13/20,exact
SRR27047363,-21.178,64.008,8/13/20,exact
SRR27047364,-21.178,64.008,8/13/20,exact
SRR27047365,-21.178,64.008,8/13/20,exact
SRR27047366,-21.178,64.008,8/13/20,exact
SRR27047367,-21.178,64.008,8/13/20,exact
SRR27047368,-21.178,64.008,8/13/20,exact
SRR27047369,-21.178,64.008,8/13/20,exact
SRR27047371,-21.178,64.008,8/13/20,exact
SRR27047372,-21.178,64.008,8/13/20,exact
SRR27047373,-21.178,64.008,8/13/20,exact
SRR27047374,-21.178,64.008,8/13/20,exact
SRR27047375,-21.178,64.008,8/13/20,exact
SRR27047377,-21.178,64.008,8/13/20,exact
SRR27047382,-21.178,64.008,8/13/20,exact
SRR27047383,-21.178,64.008,8/13/20,exact
SRR27047384,-21.178,64.008,8/13/20,exact
SRR27047385,-21.178,64.008,8/13/20,exact
SRR27047386,-21.178,64.008,8/13/20,exact
SRR27047387,-21.178,64.008,8/13/20,exact
SRR27047388,-21.178,64.008,8/13/20,exact
SRR27047389,-21.178,64.008,8/13/20,exact
SRR27047390,-21.178,64.008,8/13/20,exact
SRR27047391,-21.178,64.008,8/13/20,exact
SRR27047392,-21.178,64.008,8/13/20,exact
SRR27047393,-21.178,64.008,8/13/20,exact
SRR27047394,-21.178,64.008,8/13/20,exact
SRR27047395,-21.178,64.008,8/13/20,exact
SRR27047396,-21.178,64.008,8/13/20,exact
SRR27047397,-21.178,64.008,8/13/20,exact
SRR27047398,-21.178,64.008,8/13/20,exact
SRR27047399,-21.178,64.008,8/13/20,exact
SRR27047400,-21.178,64.008,8/13/20,exact
SRR27047401,-21.178,64.008,8/13/20,exact
SRR27047402,-21.178,64.008,8/13/20,exact
SRR27047403,-21.178,64.008,8/13/20,exact
SRR27047404,-21.178,64.008,8/13/20,exact
SRR27047405,-21.178,64.008,8/13/20,exact
SRR27047406,-21.178,64.008,8/13/20,exact
SRR27047407,-21.178,64.008,8/13/20,exact
SRR27047412,-21.178,64.008,8/13/20,exact
SRR27047413,-21.178,64.008,8/13/20,exact
SRR27047414,-21.178,64.008,8/13/20,exact
SRR27047415,-21.178,64.008,8/13/20,exact
SRR27047416,-21.178,64.008,8/13/20,exact
SRR27047417,-21.178,64.008,8/13/20,exact
SRR27047418,-21.178,64.008,8/13/20,exact
SRR27047419,-21.178,64.008,8/13/20,exact
SRR27047420,-21.178,64.008,8/13/20,exact
SRR27047421,-21.178,64.008,8/13/20,exact
SRR27047422,-21.178,64.008,8/13/20,exact
SRR27047427,-21.178,64.008,8/13/20,exact
SRR27047428,-21.178,64.008,8/13/20,exact
SRR27047429,-21.178,64.008,8/13/20,exact
SRR27047430,-21.178,64.008,8/13/20,exact
SRR27047431,-21.178,64.008,8/13/20,exact
SRR27047432,-21.178,64.008,8/13/20,exact
SRR27047433,-21.178,64.008,8/13/20,exact
SRR27047434,-21.178,64.008,8/13/20,exact
SRR27047435,-21.178,64.008,8/13/20,exact
SRR27047436,-21.178,64.008,8/13/20,exact
SRR27047437,-21.178,64.008,8/13/20,exact
SRR27047438,-21.178,64.008,8/13/20,exact
SRR27047443,-21.178,64.008,8/13/20,exact
SRR27047444,-21.178,64.008,8/13/20,exact
SRR27047445,-21.178,64.008,8/13/20,exact
SRR27047446,-21.178,64.008,8/13/20,exact
SRR27047447,-21.178,64.008,8/13/20,exact
SRR27047448,-21.178,64.008,8/13/20,exact
SRR27047449,-21.178,64.008,8/13/20,exact
SRR27047450,-21.178,64.008,8/13/20,exact
SRR27047451,-21.178,64.008,8/13/20,exact
SRR27047452,-21.178,64.008,8/13/20,exact
SRR27047453,-21.178,64.008,8/13/20,exact
SRR27047455,-21.178,64.008,8/13/20,exact
SRR27047456,-21.178,64.008,8/13/20,exact
SRR27047459,-21.178,64.008,8/13/20,exact
SRR27047460,-21.178,64.008,8/13/20,exact
SRR27047461,-21.178,64.008,8/13/20,exact
SRR27047465,-21.178,64.008,8/13/20,exact
SRR27047468,-21.178,64.008,8/13/20,exact
SRR27047471,-21.178,64.008,8/13/20,exact
SRR27047472,-21.178,64.008,8/13/20,exact
SRR27047473,-21.178,64.008,8/13/20,exact
SRR27047474,-21.178,64.008,8/13/20,exact
SRR27047475,-21.178,64.008,8/13/20,exact
SRR27047476,-21.178,64.008,8/13/20,exact
SRR27047477,-21.178,64.008,8/13/20,exact
SRR27047478,-21.178,64.008,8/13/20,exact
SRR27047480,-21.178,64.008,8/13/20,exact
SRR27047482,-21.178,64.008,8/13/20,exact
SRR27047483,-21.178,64.008,8/13/20,exact
SRR27047484,-21.178,64.008,8/13/20,exact
SRR27047485,-21.178,64.008,8/13/20,exact
SRR27047487,-21.178,64.008,8/13/20,exact
SRR27047488,-21.178,64.008,8/13/20,exact
SRR27047489,-21.178,64.008,8/13/20,exact
SRR27047490,-21.178,64.008,8/13/20,exact
SRR27047491,-21.178,64.008,8/13/20,exact
SRR27047492,-21.178,64.008,8/13/20,exact
SRR27047493,-21.178,64.008,8/13/20,exact
SRR27047494,-21.178,64.008,8/13/20,exact
SRR27047495,-21.178,64.008,8/13/20,exact
SRR27047496,-21.178,64.008,8/13/20,exact
SRR27047498,-21.178,64.008,8/13/20,exact
SRR27047499,-21.178,64.008,8/13/20,exact
SRR27047500,-21.178,64.008,8/13/20,exact
SRR27047501,-21.178,64.008,8/13/20,exact
SRR27047502,-21.178,64.008,8/13/20,exact
SRR27047503,-21.178,64.008,8/13/20,exact
SRR27047504,-21.178,64.008,8/13/20,exact
SRR27047509,-21.178,64.008,8/13/20,exact
SRR27047510,-21.178,64.008,8/13/20,exact
SRR27047511,-21.178,64.008,8/13/20,exact
SRR27047512,-21.178,64.008,8/13/20,exact
SRR27047513,-21.178,64.008,8/13/20,exact
SRR27047514,-21.178,64.008,8/13/20,exact
SRR27047515,-21.178,64.008,8/13/20,exact
SRR27047516,-21.178,64.008,8/13/20,exact
SRR27047517,-21.178,64.008,8/13/20,exact
SRR27047518,-21.178,64.008,8/13/20,exact
SRR27047520,-21.178,64.008,8/13/20,exact
SRR27047522,-21.178,64.008,8/13/20,exact
SRR27047523,-21.178,64.008,8/13/20,exact
SRR27047524,-21.178,64.008,8/13/20,exact
SRR27047525,-21.178,64.008,8/13/20,exact
SRR27047526,-21.178,64.008,8/13/20,exact
SRR27047527,-21.178,64.008,8/13/20,exact
SRR27047528,-21.178,64.008,8/13/20,exact
SRR27047529,-21.178,64.008,8/13/20,exact
SRR27047530,-21.178,64.008,8/13/20,exact
SRR27047536,-21.178,64.008,8/13/20,exact
SRR27047537,-21.178,64.008,8/13/20,exact
SRR27047538,-21.178,64.008,8/13/20,exact
SRR27047540,-21.178,64.008,8/13/20,exact
SRR27047545,-21.178,64.008,8/13/20,exact
SRR27047546,-21.178,64.008,8/13/20,exact
SRR27047547,-21.178,64.008,8/13/20,exact
SRR27047548,-21.178,64.008,8/13/20,exact
SRR27047549,-21.178,64.008,8/13/20,exact
SRR27047550,-21.178,64.008,8/13/20,exact
SRR27047551,-21.178,64.008,8/13/20,exact
SRR27047552,-21.178,64.008,8/13/20,exact
SRR27047553,-21.178,64.008,8/13/20,exact
SRR27047554,-21.178,64.008,8/13/20,exact
SRR27047555,-21.178,64.008,8/13/20,exact
SRR27047556,-21.178,64.008,8/13/20,exact
SRR27047557,-21.178,64.008,8/13/20,exact
SRR27047559,-21.178,64.008,8/13/20,exact
SRR27047560,-21.178,64.008,8/13/20,exact
SRR27047561,-21.178,64.008,8/13/20,exact
SRR27047562,-21.178,64.008,8/13/20,exact
SRR27047563,-21.178,64.008,8/13/20,exact
SRR27047564,-21.178,64.008,8/13/20,exact
SRR27047565,-21.178,64.008,8/13/20,exact
SRR27047566,-21.178,64.008,8/13/20,exact
SRR27047567,-21.178,64.008,8/13/20,exact
SRR27047573,-21.178,64.008,8/13/20,exact
SRR27047574,-21.178,64.008,8/13/20,exact
SRR27047575,-21.178,64.008,8/13/20,exact
SRR27047576,-21.178,64.008,8/13/20,exact
SRR27047577,-21.178,64.008,8/13/20,exact
SRR27047578,-21.178,64.008,8/13/20,exact
SRR27047579,-21.178,64.008,8/13/20,exact
SRR27047580,-21.178,64.008,8/13/20,exact
SRR27047581,-21.178,64.008,8/13/20,exact
SRR27047582,-21.178,64.008,8/13/20,exact
SRR27047585,-21.178,64.008,8/13/20,exact
SRR27047590,-21.178,64.008,8/13/20,exact
SRR27047591,-21.178,64.008,8/13/20,exact
SRR27047592,-21.178,64.008,8/13/20,exact
SRR27047593,-21.178,64.008,8/13/20,exact
SRR27047594,-21.178,64.008,8/13/20,exact
SRR27047595,-21.178,64.008,8/13/20,exact
SRR27047596,-21.178,64.008,8/13/20,exact
SRR27047597,-21.178,64.008,8/13/20,exact
SRR27047598,-21.178,64.008,8/13/20,exact
SRR27047599,-21.178,64.008,8/13/20,exact
SRR27047600,-21.178,64.008,8/13/20,exact
SRR27047601,-21.178,64.008,8/13/20,exact
SRR27047602,-21.178,64.008,8/13/20,exact
SRR27047603,-21.178,64.008,8/13/20,exact
SRR27047604,-21.178,64.008,8/13/20,exact
SRR27047605,-21.178,64.008,8/13/20,exact
SRR27047606,-21.178,64.008,8/13/20,exact
SRR27047607,-21.178,64.008,8/13/20,exact
SRR27047608,-21.178,64.008,8/13/20,exact
SRR27047609,-21.178,64.008,8/13/20,exact
SRR27047610,-21.178,64.008,8/13/20,exact
SRR27047614,-21.178,64.008,8/13/20,exact
SRR27047615,-21.178,64.008,8/13/20,exact
SRR27047616,-21.178,64.008,8/13/20,exact
SRR27047617,-21.178,64.008,8/13/20,exact
SRR27047618,-21.178,64.008,8/13/20,exact
SRR27047619,-21.178,64.008,8/13/20,exact
SRR27047620,-21.178,64.008,8/13/20,exact
SRR27047621,-21.178,64.008,8/13/20,exact
SRR27047622,-21.178,64.008,8/13/20,exact
SRR27047623,-21.178,64.008,8/13/20,exact
SRR27047624,-21.178,64.008,8/13/20,exact
SRR27047625,-21.178,64.008,8/13/20,exact
SRR27047626,-21.178,64.008,8/13/20,exact
SRR27047628,-21.178,64.008,8/13/20,exact
SRR27047629,-21.178,64.008,8/13/20,exact
SRR27047630,-21.178,64.008,8/13/20,exact
SRR27047631,-21.178,64.008,8/13/20,exact
SRR27047632,-21.178,64.008,8/13/20,exact
SRR27047633,-21.178,64.008,8/13/20,exact
SRR27047634,-21.178,64.008,8/13/20,exact
SRR27047641,-21.178,64.008,8/13/20,exact
SRR27047642,-21.178,64.008,8/13/20,exact
SRR27047643,-21.178,64.008,8/13/20,exact
SRR27047644,-21.178,64.008,8/13/20,exact
SRR27047647,-21.178,64.008,8/13/20,exact
SRR27047648,-21.178,64.008,8/13/20,exact
SRR27047649,-21.178,64.008,8/13/20,exact
SRR27047650,-21.178,64.008,8/13/20,exact
SRR27047651,-21.178,64.008,8/13/20,exact
SRR27047652,-21.178,64.008,8/13/20,exact
SRR27047653,-21.178,64.008,8/13/20,exact
SRR27047654,-21.178,64.008,8/13/20,exact
SRR27047655,-21.178,64.008,8/13/20,exact
SRR27047656,-21.178,64.008,8/13/20,exact
SRR27047657,-21.178,64.008,8/13/20,exact
SRR27047658,-21.178,64.008,8/13/20,exact
SRR27047660,-21.178,64.008,8/13/20,exact
SRR27047661,-21.178,64.008,8/13/20,exact
SRR27047662,-21.178,64.008,8/13/20,exact
SRR27047663,-21.178,64.008,8/13/20,exact
SRR27047665,-21.178,64.008,8/13/20,exact
SRR27047666,-21.178,64.008,8/13/20,exact
SRR27047667,-21.178,64.008,8/13/20,exact
SRR27047668,-21.178,64.008,8/13/20,exact
SRR27047669,-21.178,64.008,8/13/20,exact
SRR27047670,-21.178,64.008,8/13/20,exact
SRR27047671,-21.178,64.008,8/13/20,exact
SRR27047672,-21.178,64.008,8/13/20,exact
SRR27047675,-21.178,64.008,8/13/20,exact
SRR27047676,-21.178,64.008,8/13/20,exact
SRR27047677,-21.178,64.008,8/13/20,exact
SRR27047678,-21.178,64.008,8/13/20,exact
SRR27047679,-21.178,64.008,8/13/20,exact
SRR27047680,-21.178,64.008,8/13/20,exact
SRR27047682,-21.178,64.008,8/13/20,exact
SRR27047684,-21.178,64.008,8/13/20,exact
SRR27047685,-21.178,64.008,8/13/20,exact
SRR27047691,-21.178,64.008,8/13/20,exact
SRR27047692,-21.178,64.008,8/13/20,exact
SRR27047693,-21.178,64.008,8/13/20,exact
SRR27047695,-21.178,64.008,8/13/20,exact
SRR27047696,-21.178,64.008,8/13/20,exact
SRR27047697,-21.178,64.008,8/13/20,exact
SRR27047698,-21.178,64.008,8/13/20,exact
SRR27047699,-21.178,64.008,8/13/20,exact
SRR27047700,-21.178,64.008,8/13/20,exact
SRR27047701,-21.178,64.008,8/13/20,exact
SRR27047702,-21.178,64.008,8/13/20,exact
SRR27047703,-21.178,64.008,8/13/20,exact
SRR27047705,-21.178,64.008,8/13/20,exact
SRR27047706,-21.178,64.008,8/13/20,exact
SRR27047707,-21.178,64.008,8/13/20,exact
SRR27047708,-21.178,64.008,8/13/20,exact
SRR27047709,-21.178,64.008,8/13/20,exact
SRR27047710,-21.178,64.008,8/13/20,exact
SRR27047711,-21.178,64.008,8/13/20,exact
SRR27047712,-21.178,64.008,8/13/20,exact
SRR27047713,-21.178,64.008,8/13/20,exact
SRR27047714,-21.178,64.008,8/13/20,exact
SRR27047716,-21.178,64.008,8/13/20,exact
SRR27047717,-21.178,64.008,8/13/20,exact
SRR27047718,-21.178,64.008,8/13/20,exact
SRR27047719,-21.178,64.008,8/13/20,exact
SRR27047720,-21.178,64.008,8/13/20,exact
SRR27047722,-21.178,64.008,8/13/20,exact
SRR27047723,-21.178,64.008,8/13/20,exact
SRR27047725,-21.178,64.008,8/13/20,exact
SRR27047726,-21.178,64.008,8/13/20,exact
SRR27047727,-21.178,64.008,8/13/20,exact
SRR27047730,-21.178,64.008,8/13/20,exact
SRR27047731,-21.178,64.008,8/13/20,exact
SRR27047732,-21.178,64.008,8/13/20,exact
SRR27047733,-21.178,64.008,8/13/20,exact
SRR27047734,-21.178,64.008,8/13/20,exact
SRR27047735,-21.178,64.008,8/13/20,exact
SRR27047736,-21.178,64.008,8/13/20,exact
SRR27047737,-21.178,64.008,8/13/20,exact
SRR27047738,-21.178,64.008,8/13/20,exact
SRR27047739,-21.178,64.008,8/13/20,exact
SRR27047741,-21.178,64.008,8/13/20,exact
SRR27047742,-21.178,64.008,8/13/20,exact
SRR27047743,-21.178,64.008,8/13/20,exact
SRR27047744,-21.178,64.008,8/13/20,exact
SRR27047745,-21.178,64.008,8/13/20,exact
SRR27047746,-21.178,64.008,8/13/20,exact
SRR27047747,-21.178,64.008,8/13/20,exact
SRR27047748,-21.178,64.008,8/13/20,exact
SRR27047749,-21.178,64.008,8/13/20,exact
SRR27047750,-21.178,64.008,8/13/20,exact
SRR27047751,-21.178,64.008,8/13/20,exact
SRR27047752,-21.178,64.008,8/13/20,exact
SRR27047757,-21.178,64.008,8/13/20,exact
SRR27047758,-21.178,64.008,8/13/20,exact
SRR27047759,-21.178,64.008,8/13/20,exact
SRR27047760,-21.178,64.008,8/13/20,exact
SRR27047761,-21.178,64.008,8/13/20,exact
SRR27047762,-21.178,64.008,8/13/20,exact
SRR27047763,-21.178,64.008,8/13/20,exact
SRR27047764,-21.178,64.008,8/13/20,exact
SRR27047765,-21.178,64.008,8/13/20,exact
SRR27047769,-21.178,64.008,8/13/20,exact
SRR27047770,-21.178,64.008,8/13/20,exact
SRR27047771,-21.178,64.008,8/13/20,exact
SRR27047772,-21.178,64.008,8/13/20,exact
SRR27047773,-21.178,64.008,8/13/20,exact
SRR27047774,-21.178,64.008,8/13/20,exact
SRR27047775,-21.178,64.008,8/13/20,exact
SRR27047776,-21.178,64.008,8/13/20,exact
SRR27047777,-21.178,64.008,8/13/20,exact
SRR27047778,-21.178,64.008,8/13/20,exact
SRR27047779,-21.178,64.008,8/13/20,exact
SRR27047780,-21.178,64.008,8/13/20,exact
SRR27047781,-21.178,64.008,8/13/20,exact
SRR27047785,-21.178,64.008,8/13/20,exact
SRR27047786,-21.178,64.008,8/13/20,exact
SRR27047787,-21.178,64.008,8/13/20,exact
SRR27047788,-21.178,64.008,8/13/20,exact
SRR27047793,-21.178,64.008,8/13/20,exact
SRR27047794,-21.178,64.008,8/13/20,exact
SRR27047795,-21.178,64.008,8/13/20,exact
SRR27047796,-21.178,64.008,8/13/20,exact
SRR27047797,-21.178,64.008,8/13/20,exact
SRR27047798,-21.178,64.008,8/13/20,exact
SRR27047799,-21.178,64.008,8/13/20,exact
SRR27047800,-21.178,64.008,8/13/20,exact
SRR27047801,-21.178,64.008,8/13/20,exact
SRR27047802,-21.178,64.008,8/13/20,exact
SRR27047803,-21.178,64.008,8/13/20,exact
SRR27047804,-21.178,64.008,8/13/20,exact
SRR27047805,-21.178,64.008,8/13/20,exact
SRR27047806,-21.178,64.008,8/13/20,exact
SRR27047810,-21.178,64.008,8/13/20,exact
SRR27047811,-21.178,64.008,8/13/20,exact
SRR27047813,-21.178,64.008,8/13/20,exact
SRR27047814,-21.178,64.008,8/13/20,exact
SRR27047815,-21.178,64.008,8/13/20,exact
SRR27047816,-21.178,64.008,8/13/20,exact
SRR27047817,-21.178,64.008,8/13/20,exact
SRR27047818,-21.178,64.008,8/13/20,exact
SRR27047819,-21.178,64.008,8/13/20,exact
SRR27047820,-21.178,64.008,8/13/20,exact
SRR27047821,-21.178,64.008,8/13/20,exact
SRR27047822,-21.178,64.008,8/13/20,exact
SRR27047823,-21.178,64.008,8/13/20,exact
SRR27047824,-21.178,64.008,8/13/20,exact
SRR27047825,-21.178,64.008,8/13/20,exact
SRR27047826,-21.178,64.008,8/13/20,exact
SRR27047827,-21.178,64.008,8/13/20,exact
SRR27047828,-21.178,64.008,8/13/20,exact
SRR27047829,-21.178,64.008,8/13/20,exact
SRR27047830,-21.178,64.008,8/13/20,exact
SRR27047831,-21.178,64.008,8/13/20,exact
SRR27047832,-21.178,64.008,8/13/20,exact
SRR27047833,-21.178,64.008,8/13/20,exact
SRR27047834,-21.178,64.008,8/13/20,exact
SRR27047835,-21.178,64.008,8/13/20,exact
SRR27047836,-21.178,64.008,8/13/20,exact
SRR27047837,-21.178,64.008,8/13/20,exact
SRR27047838,-21.178,64.008,8/13/20,exact
SRR27047840,-21.178,64.008,8/13/20,exact
SRR27047841,-21.178,64.008,8/13/20,exact
SRR27047842,-21.178,64.008,8/13/20,exact
SRR27047843,-21.178,64.008,8/13/20,exact
SRR27047844,-21.178,64.008,8/13/20,exact
SRR27047845,-21.178,64.008,8/13/20,exact
SRR27047846,-21.178,64.008,8/13/20,exact
SRR27047847,-21.178,64.008,8/13/20,exact
SRR27047848,-21.178,64.008,8/13/20,exact
SRR27047849,-21.178,64.008,8/13/20,exact
SRR27047851,-21.178,64.008,8/13/20,exact
SRR27047852,-21.178,64.008,8/13/20,exact
SRR27047859,-21.178,64.008,8/13/20,exact
SRR27047860,-21.178,64.008,8/13/20,exact
SRR27047861,-21.178,64.008,8/13/20,exact
SRR27047862,-21.178,64.008,8/13/20,exact
SRR27047863,-21.178,64.008,8/13/20,exact
SRR27047864,-21.178,64.008,8/13/20,exact
SRR27047865,-21.178,64.008,8/13/20,exact
SRR27047866,-21.178,64.008,8/13/20,exact
SRR27047868,-21.178,64.008,8/13/20,exact
SRR27047869,-21.178,64.008,8/13/20,exact
SRR27047871,-21.178,64.008,8/13/20,exact
SRR27047872,-21.178,64.008,8/13/20,exact
SRR27047873,-21.178,64.008,8/13/20,exact
SRR27047874,-21.178,64.008,8/13/20,exact
SRR27047875,-21.178,64.008,8/13/20,exact
SRR27047876,-21.178,64.008,8/13/20,exact
SRR27047877,-21.178,64.008,8/13/20,exact
SRR27047878,-21.178,64.008,8/13/20,exact
SRR27047879,-21.178,64.008,8/13/20,exact
SRR27047880,-21.178,64.008,8/13/20,exact
SRR27047881,-21.178,64.008,8/13/20,exact
SRR27047882,-21.178,64.008,8/13/20,exact
SRR27047885,-21.178,64.008,8/13/20,exact
SRR27047886,-21.178,64.008,8/13/20,exact
SRR27047887,-21.178,64.008,8/13/20,exact
SRR27047888,-21.178,64.008,8/13/20,exact
SRR27047889,-21.178,64.008,8/13/20,exact
SRR27047890,-21.178,64.008,8/13/20,exact
SRR27047891,-21.178,64.008,8/13/20,exact
SRR27047892,-21.178,64.008,8/13/20,exact
SRR27047893,-21.178,64.008,8/13/20,exact
SRR27047894,-21.178,64.008,8/13/20,exact
SRR27047897,-21.178,64.008,8/13/20,exact
SRR27047898,-21.178,64.008,8/13/20,exact
SRR27047899,-21.178,64.008,8/13/20,exact
SRR27047900,-21.178,64.008,8/13/20,exact
SRR27047901,-21.178,64.008,8/13/20,exact
SRR27047902,-21.178,64.008,8/13/20,exact
SRR27047903,-21.178,64.008,8/13/20,exact
SRR27047904,-21.178,64.008,8/13/20,exact
SRR27047905,-21.178,64.008,8/13/20,exact
SRR27047906,-21.178,64.008,8/13/20,exact
SRR27047908,-21.178,64.008,8/13/20,exact
SRR27047909,-21.178,64.008,8/13/20,exact
SRR27047910,-21.178,64.008,8/13/20,exact
SRR27047911,-21.178,64.008,8/13/20,exact
SRR27047912,-21.178,64.008,8/13/20,exact
SRR27047913,-21.178,64.008,8/13/20,exact
SRR27047914,-21.178,64.008,8/13/20,exact
SRR27047915,-21.178,64.008,8/13/20,exact
SRR27047916,-21.178,64.008,8/13/20,exact
SRR27047917,-21.178,64.008,8/13/20,exact
SRR27047918,-21.178,64.008,8/13/20,exact
SRR27047919,-21.178,64.008,8/13/20,exact
SRR27047920,-21.178,64.008,8/13/20,exact
SRR27047924,-21.178,64.008,8/13/20,exact
SRR27047925,-21.178,64.008,8/13/20,exact
SRR27047926,-21.178,64.008,8/13/20,exact
SRR27047927,-21.178,64.008,8/13/20,exact
SRR27047928,-21.178,64.008,8/13/20,exact
SRR27047929,-21.178,64.008,8/13/20,exact
SRR27047933,-21.178,64.008,8/13/20,exact
SRR27047934,-21.178,64.008,8/13/20,exact
SRR27047936,-21.178,64.008,8/13/20,exact
SRR27047937,-21.178,64.008,8/13/20,exact
SRR27047938,-21.178,64.008,8/13/20,exact
SRR27047939,-21.178,64.008,8/13/20,exact
SRR27047940,-21.178,64.008,8/13/20,exact
SRR27047941,-21.178,64.008,8/13/20,exact
SRR27047942,-21.178,64.008,8/13/20,exact
SRR27047943,-21.178,64.008,8/13/20,exact
SRR27047944,-21.178,64.008,8/13/20,exact
SRR27047945,-21.178,64.008,8/13/20,exact
SRR27047946,-21.178,64.008,8/13/20,exact
SRR27047947,-21.178,64.008,8/13/20,exact
SRR27047948,-21.178,64.008,8/13/20,exact
SRR27047949,-21.178,64.008,8/13/20,exact
SRR27047950,-21.178,64.008,8/13/20,exact
SRR27047952,-21.178,64.008,8/13/20,exact
SRR27047953,-21.178,64.008,8/13/20,exact
SRR27047961,-21.178,64.008,8/13/20,exact
SRR27047963,-21.178,64.008,8/13/20,exact
SRR27047964,-21.178,64.008,8/13/20,exact
SRR27047965,-21.178,64.008,8/13/20,exact
SRR27047966,-21.178,64.008,8/13/20,exact
SRR27047969,-21.178,64.008,8/13/20,exact
SRR27047971,-21.178,64.008,8/13/20,exact
SRR27047972,-21.178,64.008,8/13/20,exact
SRR27047973,-21.178,64.008,8/13/20,exact
SRR27047974,-21.178,64.008,8/13/20,exact
SRR27047978,-21.178,64.008,8/13/20,exact
SRR27047979,-21.178,64.008,8/13/20,exact
SRR27047980,-21.178,64.008,8/13/20,exact
SRR27047981,-21.178,64.008,8/13/20,exact
SRR27047982,-21.178,64.008,8/13/20,exact
SRR27047983,-21.178,64.008,8/13/20,exact
SRR27047984,-21.178,64.008,8/13/20,exact
SRR27047985,-21.178,64.008,8/13/20,exact
SRR27047986,-21.178,64.008,8/13/20,exact
SRR27047987,-21.178,64.008,8/13/20,exact
SRR27047988,-21.178,64.008,8/13/20,exact
SRR27047989,-21.178,64.008,8/13/20,exact
SRR27047990,-21.178,64.008,8/13/20,exact
SRR27047991,-21.178,64.008,8/13/20,exact
SRR27047992,-21.178,64.008,8/13/20,exact
SRR27047993,-21.178,64.008,8/13/20,exact
SRR27047994,-21.178,64.008,8/13/20,exact
SRR27047995,-21.178,64.008,8/13/20,exact
SRR27048000,-21.178,64.008,8/13/20,exact
SRR27048001,-21.178,64.008,8/13/20,exact
SRR27048002,-21.178,64.008,8/13/20,exact
SRR27048003,-21.178,64.008,8/13/20,exact
SRR27048004,-21.178,64.008,8/13/20,exact
SRR27048006,-21.178,64.008,8/13/20,exact
SRR27048007,-21.178,64.008,8/13/20,exact
SRR27048008,-21.178,64.008,8/13/20,exact
SRR27048009,-21.178,64.008,8/13/20,exact
SRR27048016,-21.178,64.008,8/13/20,exact
SRR27048017,-21.178,64.008,8/13/20,exact
SRR27048018,-21.178,64.008,8/13/20,exact
SRR27048019,-21.178,64.008,8/13/20,exact
SRR27048020,-21.178,64.008,8/13/20,exact
SRR27048021,-21.178,64.008,8/13/20,exact
SRR27048022,-21.178,64.008,8/13/20,exact
SRR27048023,-21.178,64.008,8/13/20,exact
SRR27048024,-21.178,64.008,8/13/20,exact
SRR27048025,-21.178,64.008,8/13/20,exact
SRR27048026,-21.178,64.008,8/13/20,exact
SRR3998070,-97.31,34.59,10/1/11,exact
SRR3998071,-97.31,34.59,10/1/11,exact
SRR3998075,-97.31,34.59,10/1/11,exact
SRR3998080,-97.31,34.59,10/1/11,exact
SRR3998082,-97.31,34.59,10/1/11,exact
SRR3998085,-97.31,34.59,10/1/11,exact
SRR3998089,-97.31,34.59,10/1/11,exact
SRR3998096,-97.31,34.59,10/2/12,exact
SRR3998097,-97.31,34.59,10/2/12,exact
SRR3998098,-97.31,34.59,10/2/12,exact
SRR3998099,-97.31,34.59,10/2/12,exact
SRR3998100,-97.31,34.59,10/2/12,exact
SRR3998102,-97.31,34.59,10/2/12,exact
SRR3998104,-97.31,34.59,10/2/12,exact
SRR3998106,-97.31,34.59,10/2/12,exact
SRR3998107,-97.31,34.59,10/2/12,exact
SRR3998113,-97.31,34.59,10/2/12,exact
SRR3998117,-97.31,34.59,10/2/12,exact
SRR3998118,-97.31,34.59,10/2/12,exact
SRR3998119,-97.31,34.59,10/2/12,exact
SRR3998120,-97.31,34.59,10/2/12,exact
SRR3998121,-97.31,34.59,10/2/12,exact
SRR3998124,-97.31,34.59,10/2/12,exact
SRR3998127,-97.31,34.59,10/2/12,exact
SRR3998132,-97.31,34.59,10/2/12,exact
SRR3998136,-97.31,34.59,10/2/12,exact
SRR3998138,-97.31,34.59,10/2/12,exact
SRR3998140,-97.31,34.59,10/2/12,exact
SRR3998141,-97.31,34.59,10/2/12,exact
SRR3998142,-97.31,34.59,10/2/12,exact
SRR3998144,-97.31,34.59,9/3/13,exact
SRR3998148,-97.31,34.59,9/3/13,exact
SRR3998149,-97.31,34.59,9/3/13,exact
SRR3998150,-97.31,34.59,9/3/13,exact
SRR3998151,-97.31,34.59,9/3/13,exact
SRR3998153,-97.31,34.59,9/3/13,exact
SRR3998154,-97.31,34.59,9/3/13,exact
SRR3998155,-97.31,34.59,9/3/13,exact
SRR3998158,-97.31,34.59,9/3/13,exact
SRR3998159,-97.31,34.59,9/3/13,exact
SRR3998160,-97.31,34.59,9/3/13,exact
SRR3998161,-97.31,34.59,9/3/13,exact
SRR3998165,-97.31,34.59,9/3/13,exact
SRR3998168,-97.31,34.59,9/3/13,exact
SRR3998169,-97.31,34.59,9/3/13,exact
SRR3998170,-97.31,34.59,9/3/13,exact
SRR3998171,-97.31,34.59,9/3/13,exact
SRR3998173,-97.31,34.59,9/3/13,exact
SRR3998175,-97.31,34.59,9/3/13,exact
SRR3998176,-97.31,34.59,9/3/13,exact
SRR3998180,-97.31,34.59,9/3/13,exact
SRR3998181,-97.31,34.59,9/3/13,exact
SRR3998183,-97.31,34.59,9/3/13,exact
SRR3998185,-97.31,34.59,9/3/13,exact
SRR3998188,-97.31,34.59,9/3/13,exact
SRR3998189,-97.31,34.59,9/3/13,exact
SRR3998190,-97.31,34.59,9/3/13,exact
SRR3998193,-97.31,34.59,9/3/13,exact
SRR3998194,-97.31,34.59,9/3/13,exact
SRR3998196,-97.31,34.59,9/3/13,exact
SRR3998198,-97.31,34.59,10/4/14,exact
SRR3998201,-97.31,34.59,10/4/14,exact
SRR3998203,-97.31,34.59,10/4/14,exact
SRR3998205,-97.31,34.59,10/4/14,exact
SRR3998207,-97.31,34.59,10/4/14,exact
SRR3998212,-97.31,34.59,10/4/14,exact
SRR3998215,-97.31,34.59,10/4/14,exact
SRR3998224,-97.31,34.59,10/4/14,exact
SRR3998226,-97.31,34.59,10/4/14,exact
SRR3998227,-97.31,34.59,10/4/14,exact
SRR3998229,-97.31,34.59,10/4/14,exact
SRR3998230,-97.31,34.59,10/4/14,exact
SRR3998231,-97.31,34.59,10/4/14,exact
SRR3998233,-97.31,34.59,10/4/14,exact
SRR3998234,-97.31,34.59,10/4/14,exact
SRR3998235,-97.31,34.59,10/4/14,exact
SRR3998236,-97.31,34.59,9/1/10,exact
SRR3998238,-97.31,34.59,10/4/14,exact
SRR3998243,-97.31,34.59,10/4/14,exact
SRR3998244,-97.31,34.59,10/4/14,exact
SRR3998248,-97.31,34.59,10/4/14,exact
SRR3998249,-97.31,34.59,10/4/14,exact
SRR3998257,-97.31,34.59,10/5/15,exact
SRR3998259,-97.31,34.59,10/5/15,exact
SRR3998266,-97.31,34.59,9/1/10,exact
SRR3998269,-97.31,34.59,9/1/10,exact
SRR3998275,-97.31,34.59,9/1/10,exact
SRR3998277,-97.31,34.59,9/1/10,exact
SRR3998278,-97.31,34.59,9/1/10,exact
SRR3998279,-97.31,34.59,9/1/10,exact
SRR3998282,-97.31,34.59,9/1/10,exact
SRR3998284,-97.31,34.59,9/1/10,exact
SRR3998287,-97.31,34.59,9/1/10,exact
SRR3998288,-97.31,34.59,9/1/10,exact
SRR3998290,-97.31,34.59,9/1/10,exact
SRR3998293,-97.31,34.59,9/1/10,exact
SRR3998294,-97.31,34.59,9/1/10,exact
SRR3998300,-97.31,34.59,9/1/10,exact
SRR3998305,-97.31,34.59,9/1/10,exact
SRR3998306,-97.31,34.59,9/1/10,exact
SRR3998310,-97.31,34.59,10/1/11,exact
SRR3998311,-97.31,34.59,10/1/11,exact
SRR3998314,-97.31,34.59,10/1/11,exact
SRR3998316,-97.31,34.59,10/1/11,exact
SRR3998319,-97.31,34.59,10/1/11,exact
SRR3998323,-97.31,34.59,10/1/11,exact
SRR3998324,-97.31,34.59,10/1/11,exact
SRR3998325,-97.31,34.59,10/1/11,exact
SRR3998326,-97.31,34.59,10/1/11,exact
SRR3998327,-97.31,34.59,10/1/11,exact
SRR3998330,-97.31,34.59,10/1/11,exact
SRR3998333,-97.31,34.59,10/1/11,exact
SRR3998334,-97.31,34.59,10/1/11,exact
SRR3998335,-97.31,34.59,10/1/11,exact
SRR3998337,-97.31,34.59,10/1/11,exact
SRR3998338,-97.31,34.59,10/1/11,exact
SRR8933244,-97.31,34.59,10/5/15,exact
SRR8933248,-97.31,34.59,10/5/15,exact
SRR8933263,-97.31,34.59,9/6/16,exact
SRR8933265,-97.31,34.59,9/6/16,exact
SRR8933278,-97.31,34.59,10/5/15,exact
SRR8933279,-97.31,34.59,9/6/16,exact
SRR8933280,-97.31,34.59,10/5/15,exact
SRR8933281,-97.31,34.59,10/5/15,exact
SRR8933282,-97.31,34.59,10/5/15,exact
SRR8933283,-97.31,34.59,10/5/15,exact
SRR8933284,-97.31,34.59,10/5/15,exact
SRR8933285,-97.31,34.59,10/5/15,exact
SRR8933286,-97.31,34.59,10/5/15,exact
SRR8933287,-97.31,34.59,10/5/15,exact
SRR8933288,-97.31,34.59,10/5/15,exact
SRR8933289,-97.31,34.59,10/5/15,exact
SRR8933298,-97.31,34.59,9/6/16,exact
SRR8933303,-97.31,34.59,9/6/16,exact
SRR8933317,-97.31,34.59,10/5/15,exact
SRR8933318,-97.31,34.59,9/6/16,exact
SRR8933319,-97.31,34.59,9/6/16,exact
SRR8933320,-97.31,34.59,9/6/16,exact
SRR8933322,-97.31,34.59,9/6/16,exact
SRR8933323,-97.31,34.59,10/5/15,exact
SRR8933324,-97.31,34.59,9/6/16,exact
SRR8933325,-97.31,34.59,9/6/16,exact
SRR8933327,-97.31,34.59,9/6/16,exact
SRR8933328,-97.31,34.59,10/5/15,exact
SRR8933338,-97.31,34.59,9/6/16,exact
SRR8933339,-97.31,34.59,9/6/16,exact
SRR8933341,-97.31,34.59,9/6/16,exact
SRR8933352,-97.31,34.59,9/6/16,exact
SRR8933353,-97.31,34.59,9/6/16,exact
SRR8933354,-97.31,34.59,10/5/15,exact
SRR8933374,-97.31,34.59,9/6/16,exact
SRR8933376,-97.31,34.59,9/6/16,exact
SRR8933377,-97.31,34.59,9/6/16,exact
SRR8933378,-97.31,34.59,9/6/16,exact
SRR8933382,-97.31,34.59,9/6/16,exact
SRR8933383,-97.31,34.59,9/6/16,exact
SRR8933385,-97.31,34.59,9/6/16,exact
SRR8933396,-97.31,34.59,9/6/16,exact
SRR8933397,-97.31,34.59,9/6/16,exact
SRR8933398,-97.31,34.59,9/6/16,exact
SRR8933399,-97.31,34.59,9/6/16,exact
SRR8933404,-97.31,34.59,9/6/16,exact
SRR8933405,-97.31,34.59,9/6/16,exact
SRR8933406,-97.31,34.59,9/6/16,exact
SRR8933416,-97.31,34.59,9/6/16,exact
SRR8933420,-97.31,34.59,10/5/15,exact
SRR8933421,-97.31,34.59,10/5/15,exact
SRR8933422,-97.31,34.59,10/5/15,exact
SRR8933423,-97.31,34.59,10/5/15,exact
SRR8933424,-97.31,34.59,10/5/15,exact
SRR8933425,-97.31,34.59,10/5/15,exact
SRR8933426,-97.31,34.59,10/5/15,exact
SRR8933427,-97.31,34.59,10/5/15,exact
SRR8933428,-97.31,34.59,10/5/15,exact
SRR8933429,-97.31,34.59,10/5/15,exact
SRR8933430,-97.31,34.59,9/6/16,exact
SRR8933441,-97.31,34.59,9/6/16,exact
SRR8933442,-97.31,34.59,9/6/16,exact
SRR8933443,-97.31,34.59,9/6/16,exact
SRR8933444,-97.31,34.59,9/6/16,exact
SRR8933445,-97.31,34.59,9/6/16,exact
SRR8933446,-97.31,34.59,9/6/16,exact
SRR8933447,-97.31,34.59,10/5/15,exact
SRR8933448,-97.31,34.59,10/5/15,exact
SRR8933449,-97.31,34.59,9/6/16,exact
SRR8933450,-97.31,34.59,9/6/16,exact
SRR8933451,-97.31,34.59,10/5/15,exact
SRR8933452,-97.31,34.59,10/5/15,exact
SRR8933453,-97.31,34.59,10/5/15,exact
SRR8933454,-97.31,34.59,10/5/15,exact
SRR8933455,-97.31,34.59,10/5/15,exact
SRR8933456,-97.31,34.59,10/5/15,exact
SRR8933457,-97.31,34.59,10/5/15,exact
SRR8933458,-97.31,34.59,10/5/15,exact
SRR8933459,-97.31,34.59,9/6/16,exact
SRR8933462,-97.31,34.59,10/5/15,exact
SRR8933463,-97.31,34.59,10/5/15,exact
SRR8933484,-97.31,34.59,9/6/16,exact
SRR8933489,-97.31,34.59,9/6/16,exact
ERR1546426,-4.079565,53.141159,8/28/13,exact
ERR1546427,-4.079565,53.141159,8/28/13,exact
ERR1546428,-4.079565,53.141159,8/28/13,exact
ERR1546429,-4.079565,53.141159,8/28/13,exact
ERR1546430,-4.079565,53.141159,8/28/13,exact
ERR1546431,-4.079565,53.141159,8/28/13,exact
ERR1546433,-4.079565,53.141159,8/28/13,exact
ERR1546434,-4.079565,53.141159,8/28/13,exact
ERR1546435,-4.079565,53.141159,8/28/13,exact
ERR1546436,-4.079565,53.141159,8/28/13,exact
ERR1546437,-4.079565,53.141159,8/28/13,exact
ERR1546438,-4.294913,53.310738,8/28/13,exact
ERR1546439,-4.294913,53.310738,8/28/13,exact
ERR1546440,-4.294913,53.310738,8/28/13,exact
ERR1546441,-4.294913,53.310738,8/28/13,exact
ERR1546442,-4.294913,53.310738,8/28/13,exact
ERR1546443,-4.294913,53.310738,8/28/13,exact
ERR1546444,-4.294913,53.310738,8/28/13,exact
ERR1546445,-4.294913,53.310738,8/28/13,exact
ERR1546447,-4.294913,53.310738,8/28/13,exact
ERR1546448,-4.294913,53.310738,8/28/13,exact
ERR1546449,-4.294913,53.310738,8/28/13,exact
ERR1546450,-4.079565,53.141159,9/23/13,exact
ERR1546451,-4.079565,53.141159,9/23/13,exact
ERR1546452,-4.079565,53.141159,9/23/13,exact
ERR1546453,-4.079565,53.141159,9/23/13,exact
ERR1546454,-4.079565,53.141159,9/23/13,exact
ERR1546455,-4.079565,53.141159,9/23/13,exact
ERR1546456,-4.079565,53.141159,9/23/13,exact
ERR1546457,-4.079565,53.141159,9/23/13,exact
ERR1546458,-4.079565,53.141159,9/23/13,exact
ERR1546459,-4.079565,53.141159,9/23/13,exact
ERR1546460,-4.079565,53.141159,9/23/13,exact
ERR1546461,-4.079565,53.141159,9/23/13,exact
ERR1546462,-4.294913,53.310738,9/23/13,exact
ERR1546463,-4.294913,53.310738,9/23/13,exact
ERR1546464,-4.294913,53.310738,9/23/13,exact
ERR1546465,-4.294913,53.310738,9/23/13,exact
ERR1546466,-4.294913,53.310738,9/23/13,exact
ERR1546468,-4.294913,53.310738,9/23/13,exact
ERR1546469,-4.294913,53.310738,9/23/13,exact
ERR1546470,-4.294913,53.310738,9/23/13,exact
ERR1546471,-4.294913,53.310738,9/23/13,exact
ERR1546472,-4.294913,53.310738,9/23/13,exact
ERR1546473,-4.294913,53.310738,9/23/13,exact
ERR1546474,-4.079565,53.141159,10/14/13,exact
ERR1546475,-4.079565,53.141159,10/14/13,exact
ERR1546476,-4.079565,53.141159,10/14/13,exact
ERR1546477,-4.079565,53.141159,10/14/13,exact
ERR1546478,-4.079565,53.141159,10/14/13,exact
ERR1546479,-4.079565,53.141159,10/14/13,exact
ERR1546480,-4.079565,53.141159,10/14/13,exact
ERR1546481,-4.079565,53.141159,10/14/13,exact
ERR1546482,-4.079565,53.141159,10/14/13,exact
ERR1546483,-4.079565,53.141159,10/14/13,exact
ERR1546484,-4.079565,53.141159,10/14/13,exact
ERR1546485,-4.079565,53.141159,10/14/13,exact
ERR1546486,-4.294913,53.310738,10/14/13,exact
ERR1546487,-4.294913,53.310738,10/14/13,exact
ERR1546488,-4.294913,53.310738,10/14/13,exact
ERR1546489,-4.294913,53.310738,10/14/13,exact
ERR1546490,-4.294913,53.310738,10/14/13,exact
ERR1546492,-4.294913,53.310738,10/14/13,exact
ERR1546493,-4.294913,53.310738,10/14/13,exact
ERR1546494,-4.294913,53.310738,10/14/13,exact
ERR1546495,-4.294913,53.310738,10/14/13,exact
ERR1546496,-4.294913,53.310738,10/14/13,exact
ERR1546497,-4.294913,53.310738,10/14/13,exact
ERR1546498,-4.079565,53.141159,11/4/13,exact
ERR1546499,-4.079565,53.141159,11/4/13,exact
ERR1546500,-4.079565,53.141159,11/4/13,exact
ERR1546501,-4.079565,53.141159,11/4/13,exact
ERR1546502,-4.079565,53.141159,11/4/13,exact
ERR1546503,-4.079565,53.141159,11/4/13,exact
ERR1546504,-4.079565,53.141159,11/4/13,exact
ERR1546505,-4.079565,53.141159,11/4/13,exact
ERR1546506,-4.079565,53.141159,11/4/13,exact
ERR1546507,-4.079565,53.141159,11/4/13,exact
ERR1546508,-4.079565,53.141159,11/4/13,exact
ERR1546509,-4.079565,53.141159,11/4/13,exact
ERR1546510,-4.294913,53.310738,11/4/13,exact
ERR1546511,-4.294913,53.310738,11/4/13,exact
ERR1546512,-4.294913,53.310738,11/4/13,exact
ERR1546513,-4.294913,53.310738,11/4/13,exact
ERR1546514,-4.294913,53.310738,11/4/13,exact
ERR1546515,-4.294913,53.310738,11/4/13,exact
ERR1546516,-4.294913,53.310738,11/4/13,exact
ERR1546517,-4.294913,53.310738,11/4/13,exact
ERR1546518,-4.294913,53.310738,11/4/13,exact
ERR1546520,-4.294913,53.310738,11/4/13,exact
ERR1546521,-4.294913,53.310738,11/4/13,exact
ERR1546522,-4.079565,53.141159,11/25/13,exact
ERR1546523,-4.079565,53.141159,11/25/13,exact
ERR1546524,-4.079565,53.141159,11/25/13,exact
ERR1546525,-4.079565,53.141159,11/25/13,exact
ERR1546526,-4.079565,53.141159,11/25/13,exact
ERR1546527,-4.079565,53.141159,11/25/13,exact
ERR1546529,-4.079565,53.141159,11/25/13,exact
ERR1546530,-4.079565,53.141159,11/25/13,exact
ERR1546531,-4.079565,53.141159,11/25/13,exact
ERR1546533,-4.079565,53.141159,11/25/13,exact
ERR1546534,-4.294913,53.310738,11/25/13,exact
ERR1546535,-4.294913,53.310738,11/25/13,exact
ERR1546536,-4.294913,53.310738,11/25/13,exact
ERR1546537,-4.294913,53.310738,11/25/13,exact
ERR1546538,-4.294913,53.310738,11/25/13,exact
ERR1546539,-4.294913,53.310738,11/25/13,exact
ERR1546540,-4.294913,53.310738,11/25/13,exact
ERR1546541,-4.294913,53.310738,11/25/13,exact
ERR1546542,-4.294913,53.310738,11/25/13,exact
ERR1546543,-4.294913,53.310738,11/25/13,exact
ERR1546544,-4.294913,53.310738,11/25/13,exact
ERR1546545,-4.294913,53.310738,11/25/13,exact
ERR1546547,-4.079565,53.141159,12/16/13,exact
ERR1546548,-4.079565,53.141159,12/16/13,exact
ERR1546549,-4.079565,53.141159,12/16/13,exact
ERR1546550,-4.079565,53.141159,12/16/13,exact
ERR1546551,-4.079565,53.141159,12/16/13,exact
ERR1546552,-4.079565,53.141159,12/16/13,exact
ERR1546553,-4.079565,53.141159,12/16/13,exact
ERR1546554,-4.079565,53.141159,12/16/13,exact
ERR1546555,-4.079565,53.141159,12/16/13,exact
ERR1546556,-4.079565,53.141159,12/16/13,exact
ERR1546557,-4.079565,53.141159,12/16/13,exact
ERR1546558,-4.294913,53.310738,12/16/13,exact
ERR1546559,-4.294913,53.310738,12/16/13,exact
ERR1546560,-4.294913,53.310738,12/16/13,exact
ERR1546561,-4.294913,53.310738,12/16/13,exact
ERR1546562,-4.294913,53.310738,12/16/13,exact
ERR1546563,-4.294913,53.310738,12/16/13,exact
ERR1546564,-4.294913,53.310738,12/16/13,exact
ERR1546565,-4.294913,53.310738,12/16/13,exact
ERR1546567,-4.294913,53.310738,12/16/13,exact
ERR1546568,-4.294913,53.310738,12/16/13,exact
ERR1546569,-4.294913,53.310738,12/16/13,exact
ERR1546570,-4.079565,53.141159,1/6/14,exact
ERR1546571,-4.079565,53.141159,1/6/14,exact
ERR1546573,-4.079565,53.141159,1/6/14,exact
ERR1546574,-4.079565,53.141159,1/6/14,exact
ERR1546575,-4.079565,53.141159,1/6/14,exact
ERR1546576,-4.079565,53.141159,1/6/14,exact
ERR1546577,-4.079565,53.141159,1/6/14,exact
ERR1546578,-4.079565,53.141159,1/6/14,exact
ERR1546581,-4.079565,53.141159,1/6/14,exact
ERR1546582,-4.294913,53.310738,1/6/14,exact
ERR1546583,-4.294913,53.310738,1/6/14,exact
ERR1546584,-4.294913,53.310738,1/6/14,exact
ERR1546585,-4.294913,53.310738,1/6/14,exact
ERR1546586,-4.294913,53.310738,1/6/14,exact
ERR1546587,-4.294913,53.310738,1/6/14,exact
ERR1546588,-4.294913,53.310738,1/6/14,exact
ERR1546589,-4.294913,53.310738,1/6/14,exact
ERR1546590,-4.294913,53.310738,1/6/14,exact
ERR1546591,-4.294913,53.310738,1/6/14,exact
ERR1546592,-4.294913,53.310738,1/6/14,exact
ERR1546593,-4.294913,53.310738,1/6/14,exact
ERR1546594,-4.079565,53.141159,1/20/14,exact
ERR1546595,-4.079565,53.141159,1/20/14,exact
ERR1546596,-4.079565,53.141159,1/20/14,exact
ERR1546597,-4.079565,53.141159,1/20/14,exact
ERR1546598,-4.079565,53.141159,1/20/14,exact
ERR1546599,-4.079565,53.141159,1/20/14,exact
ERR1546600,-4.079565,53.141159,1/20/14,exact
ERR1546601,-4.079565,53.141159,1/20/14,exact
ERR1546602,-4.079565,53.141159,1/20/14,exact
ERR1546603,-4.079565,53.141159,1/20/14,exact
ERR1546606,-4.294913,53.310738,1/20/14,exact
ERR1546607,-4.294913,53.310738,1/20/14,exact
ERR1546608,-4.294913,53.310738,1/20/14,exact
ERR1546609,-4.294913,53.310738,1/20/14,exact
ERR1546610,-4.294913,53.310738,1/20/14,exact
ERR1546611,-4.294913,53.310738,1/20/14,exact
ERR1546612,-4.294913,53.310738,1/20/14,exact
ERR1546613,-4.294913,53.310738,1/20/14,exact
ERR1546614,-4.294913,53.310738,1/20/14,exact
ERR1546615,-4.294913,53.310738,1/20/14,exact
ERR1546616,-4.294913,53.310738,1/20/14,exact
ERR1546617,-4.294913,53.310738,1/20/14,exact
ERR1546618,-4.079565,53.141159,2/17/14,exact
ERR1546619,-4.079565,53.141159,2/17/14,exact
ERR1546621,-4.079565,53.141159,2/17/14,exact
ERR1546622,-4.079565,53.141159,2/17/14,exact
ERR1546623,-4.079565,53.141159,2/17/14,exact
ERR1546624,-4.079565,53.141159,2/17/14,exact
ERR1546625,-4.079565,53.141159,2/17/14,exact
ERR1546626,-4.079565,53.141159,2/17/14,exact
ERR1546627,-4.079565,53.141159,2/17/14,exact
ERR1546628,-4.079565,53.141159,2/17/14,exact
ERR1546629,-4.079565,53.141159,2/17/14,exact
ERR1546630,-4.294913,53.310738,2/17/14,exact
ERR1546632,-4.294913,53.310738,2/17/14,exact
ERR1546633,-4.294913,53.310738,2/17/14,exact
ERR1546634,-4.294913,53.310738,2/17/14,exact
ERR1546635,-4.294913,53.310738,2/17/14,exact
ERR1546636,-4.294913,53.310738,2/17/14,exact
ERR1546637,-4.294913,53.310738,2/17/14,exact
ERR1546638,-4.294913,53.310738,2/17/14,exact
ERR1546639,-4.294913,53.310738,2/17/14,exact
ERR1546640,-4.294913,53.310738,2/17/14,exact
ERR1546641,-4.294913,53.310738,2/17/14,exact
ERR1559029,-88.230357,41.841521,11/19/10,exact
ERR1559033,-88.230357,41.841521,11/19/10,exact
ERR1559038,-88.230357,41.841521,11/19/10,exact
ERR1559040,-88.230357,41.841521,11/19/10,exact
ERR1559043,-88.230357,41.841521,11/19/10,exact
ERR1559046,-88.230357,41.841521,11/19/10,exact
ERR1559047,-88.230357,41.841521,11/19/10,exact
ERR1559051,-88.230357,41.841521,11/19/10,exact
ERR1559055,-88.230357,41.841508,11/21/10,exact
ERR1559057,-88.230357,41.841508,11/21/10,exact
ERR1559058,-88.230357,41.841508,11/21/10,exact
ERR1559059,-88.230357,41.841508,11/21/10,exact
ERR1559063,-88.230357,41.841508,11/21/10,exact
ERR1559071,-88.230357,41.841508,11/21/10,exact
ERR1559075,-88.230357,41.841508,11/21/10,exact
ERR1559079,-88.230357,41.841514,11/21/10,exact
ERR1559081,-88.230357,41.841514,11/21/10,exact
ERR1559082,-88.230357,41.841514,11/21/10,exact
ERR1559083,-88.230357,41.841514,11/21/10,exact
ERR1559086,-88.230357,41.841514,11/21/10,exact
ERR1559090,-88.230357,41.841514,11/21/10,exact
ERR1559096,-88.230357,41.841514,11/21/10,exact
ERR1559100,-88.230357,41.841521,11/19/10,exact
ERR1559107,-88.230357,41.841521,11/19/10,exact
ERR1559109,-88.230357,41.841521,11/19/10,exact
ERR1559111,-88.230357,41.841521,11/19/10,exact
ERR1559112,-88.230357,41.841521,11/19/10,exact
ERR1559114,-88.230357,41.841521,11/19/10,exact
ERR1559123,-88.230357,41.841518,11/19/10,exact
ERR1559125,-88.230357,41.841518,11/19/10,exact
ERR1559131,-88.230357,41.841518,11/19/10,exact
ERR1559133,-88.230357,41.841518,11/19/10,exact
ERR1559139,-88.230357,41.841518,11/19/10,exact
ERR1559143,-88.230357,41.841518,11/19/10,exact
ERR1559144,-88.230357,41.841518,11/19/10,exact
ERR1559149,-88.230357,41.841522,11/21/10,exact
ERR1559151,-88.230357,41.841522,11/21/10,exact
ERR1559154,-88.230357,41.841522,11/21/10,exact
ERR1559156,-88.230357,41.841522,11/21/10,exact
ERR1559157,-88.230357,41.841522,11/21/10,exact
ERR1559159,-88.230357,41.841522,11/21/10,exact
ERR1559164,-88.230357,41.841522,11/21/10,exact
ERR1559167,-88.230357,41.841522,11/21/10,exact
ERR1559168,-88.230357,41.841522,11/21/10,exact
ERR1559173,-88.230357,41.841519,11/19/10,exact
ERR1559176,-88.230357,41.841519,11/19/10,exact
ERR1559177,-88.230357,41.841519,11/19/10,exact
ERR1559182,-88.230357,41.841519,11/19/10,exact
ERR1559184,-88.230357,41.841519,11/19/10,exact
ERR1559189,-88.230357,41.841519,11/19/10,exact
ERR1559193,-88.230357,41.841519,11/19/10,exact
ERR1559195,-88.230357,41.841526,11/19/10,exact
ERR1559196,-88.230357,41.841526,11/19/10,exact
ERR1559198,-88.230357,41.841526,11/19/10,exact
ERR1559199,-88.230357,41.841526,11/19/10,exact
ERR1559200,-88.230357,41.841526,11/19/10,exact
ERR1559205,-88.230357,41.841526,11/19/10,exact
ERR1559208,-88.230357,41.841526,11/19/10,exact
ERR1559212,-88.230357,41.841526,11/19/10,exact
ERR1559215,-88.230357,41.841526,11/19/10,exact
ERR1559216,-88.230357,41.841526,11/19/10,exact
ERR1559217,-88.230357,41.841527,11/21/10,exact
ERR1559218,-88.230357,41.841527,11/21/10,exact
ERR1559228,-88.230357,41.841527,11/21/10,exact
ERR1559232,-88.230357,41.841527,11/21/10,exact
ERR1559233,-88.230357,41.841527,11/21/10,exact
ERR1559235,-88.230357,41.841527,11/21/10,exact
ERR1559241,-88.230357,41.84151,11/19/10,exact
ERR1559247,-88.230357,41.84151,11/19/10,exact
ERR1559248,-88.230357,41.84151,11/19/10,exact
ERR1559249,-88.230357,41.84151,11/19/10,exact
ERR1559254,-88.230357,41.84151,11/19/10,exact
ERR1559257,-88.230357,41.84151,11/19/10,exact
ERR1559258,-88.230357,41.84151,11/19/10,exact
ERR1559262,-88.230357,41.84151,11/19/10,exact
ERR1559265,-88.230357,41.841116,11/19/10,exact
ERR1559266,-88.230357,41.841116,11/19/10,exact
ERR1559267,-88.230357,41.841116,11/19/10,exact
ERR1559277,-88.230357,41.841116,11/19/10,exact
ERR1559278,-88.230357,41.841116,11/19/10,exact
ERR1559282,-88.230357,41.841116,11/19/10,exact
ERR1559283,-88.230357,41.841116,11/19/10,exact
ERR1559285,-88.230357,41.841116,11/19/10,exact
ERR1559289,-88.230357,41.841124,11/21/10,exact
ERR1559292,-88.230357,41.841124,11/21/10,exact
ERR1559294,-88.230357,41.841124,11/21/10,exact
ERR1559296,-88.230357,41.841124,11/21/10,exact
ERR1559300,-88.230357,41.841124,11/21/10,exact
ERR1559301,-88.230357,41.841124,11/21/10,exact
ERR1559305,-88.230357,41.841124,11/21/10,exact
ERR1559307,-88.230357,41.841124,11/21/10,exact
ERR1559308,-88.230357,41.841124,11/21/10,exact
ERR1559321,-88.230357,41.841118,11/19/10,exact
ERR1559327,-88.230357,41.841118,11/19/10,exact
ERR1559330,-88.230357,41.841118,11/19/10,exact
ERR1559332,-88.230357,41.841118,11/19/10,exact
ERR1559335,-88.230357,41.841118,11/19/10,exact
ERR1559337,-88.230357,41.84112,11/21/10,exact
ERR1559341,-88.230357,41.84112,11/21/10,exact
ERR1559343,-88.230357,41.84112,11/21/10,exact
ERR1559356,-88.230357,41.84112,11/21/10,exact
ERR1559357,-88.230357,41.84112,11/21/10,exact
ERR1559364,-88.230357,41.841125,11/19/10,exact
ERR1559367,-88.230357,41.841125,11/19/10,exact
ERR1559368,-88.230357,41.841125,11/19/10,exact
ERR1559371,-88.230357,41.841125,11/19/10,exact
ERR1559372,-88.230357,41.841125,11/19/10,exact
ERR1559377,-88.230357,41.841125,11/19/10,exact
ERR1559383,-88.230357,41.841111,11/19/10,exact
ERR1559388,-88.230357,41.841111,11/19/10,exact
ERR1559396,-88.230357,41.841111,11/19/10,exact
ERR1559401,-88.230357,41.841111,11/19/10,exact
ERR1559403,-88.230357,41.841111,11/19/10,exact
ERR1559413,-88.230357,41.841114,11/21/10,exact
ERR1559416,-88.230357,41.841114,11/21/10,exact
ERR1559417,-88.230357,41.841114,11/21/10,exact
ERR1559426,-88.230357,41.841114,11/21/10,exact
ERR1559427,-88.230357,41.841114,11/21/10,exact
ERR1559430,-88.230357,41.841121,11/19/10,exact
ERR1559439,-88.230357,41.841121,11/19/10,exact
ERR1559440,-88.230357,41.841121,11/19/10,exact
ERR1559442,-88.230357,41.841121,11/19/10,exact
ERR1559443,-88.230357,41.841121,11/19/10,exact
ERR1559448,-88.230357,41.841121,11/19/10,exact
ERR1559450,-88.230357,41.841121,11/19/10,exact
ERR1559451,-88.230357,41.841121,11/19/10,exact
ERR1559452,-88.230357,41.841123,11/21/10,exact
ERR1559458,-88.230357,41.841123,11/21/10,exact
ERR1559465,-88.230357,41.841123,11/21/10,exact
ERR1559470,-88.230357,41.841123,11/21/10,exact
ERR1559479,-88.230357,41.841126,11/19/10,exact
ERR1559487,-88.230357,41.841126,11/19/10,exact
ERR1559494,-88.230357,41.841126,11/19/10,exact
ERR1559499,-88.230357,41.841126,11/19/10,exact
ERR1559500,-88.230357,41.840732,11/19/10,exact
ERR1559501,-88.230357,41.840732,11/19/10,exact
ERR1559504,-88.230357,41.840732,11/19/10,exact
ERR1559505,-88.230357,41.840732,11/19/10,exact
ERR1559506,-88.230357,41.840732,11/19/10,exact
ERR1559514,-88.230357,41.840732,11/19/10,exact
ERR1559516,-88.230357,41.840732,11/19/10,exact
ERR1559519,-88.230357,41.840732,11/19/10,exact
ERR1559526,-88.230357,41.840725,11/19/10,exact
ERR1559533,-88.230357,41.840725,11/19/10,exact
ERR1559536,-88.230357,41.840725,11/19/10,exact
ERR1559540,-88.230357,41.840725,11/19/10,exact
ERR1559542,-88.230357,41.840725,11/19/10,exact
ERR1559544,-88.230357,41.840725,11/19/10,exact
ERR1559557,-88.230357,41.840718,11/21/10,exact
ERR1559568,-88.230357,41.840718,11/21/10,exact
ERR1559572,-88.230357,41.84073,11/21/10,exact
ERR1559574,-88.230357,41.84073,11/21/10,exact
ERR1559576,-88.230357,41.84073,11/21/10,exact
ERR1559579,-88.230357,41.84073,11/21/10,exact
ERR1559581,-88.230357,41.84073,11/21/10,exact
ERR1559584,-88.230357,41.84073,11/21/10,exact
ERR1559587,-88.230357,41.84073,11/21/10,exact
ERR1559594,-88.230357,41.84073,11/21/10,exact
ERR1559599,-88.230357,41.840733,11/19/10,exact
ERR1559600,-88.230357,41.840733,11/19/10,exact
ERR1559602,-88.230357,41.840733,11/19/10,exact
ERR1559603,-88.230357,41.840733,11/19/10,exact
ERR1559604,-88.230357,41.840733,11/19/10,exact
ERR1559606,-88.230357,41.840733,11/19/10,exact
ERR1559612,-88.230357,41.840733,11/19/10,exact
ERR1559614,-88.230357,41.840733,11/19/10,exact
ERR1559617,-88.230357,41.840733,11/19/10,exact
ERR1559630,-88.230357,41.840733,11/21/10,exact
ERR1559631,-88.230357,41.840733,11/21/10,exact
ERR1559634,-88.230357,41.840733,11/21/10,exact
ERR1559642,-88.230357,41.840733,11/21/10,exact
ERR1559645,-88.230357,41.840719,11/19/10,exact
ERR1559648,-88.230357,41.840719,11/19/10,exact
ERR1559649,-88.230357,41.840719,11/19/10,exact
ERR1559651,-88.230357,41.840719,11/19/10,exact
ERR1559652,-88.230357,41.840719,11/19/10,exact
ERR1559655,-88.230357,41.840719,11/19/10,exact
ERR1559656,-88.230357,41.840719,11/19/10,exact
ERR1559658,-88.230357,41.840719,11/19/10,exact
ERR1559662,-88.230357,41.840719,11/19/10,exact
ERR1559663,-88.230357,41.840719,11/19/10,exact
ERR1559677,-88.230357,41.840715,11/21/10,exact
ERR1559679,-88.230357,41.840715,11/21/10,exact
ERR1559682,-88.230357,41.840715,11/21/10,exact
ERR1559684,-88.230357,41.840715,11/21/10,exact
ERR1559685,-88.230357,41.840715,11/21/10,exact
ERR1559690,-88.230357,41.840726,11/19/10,exact
ERR1559691,-88.230357,41.840726,11/19/10,exact
ERR1559697,-88.230357,41.840726,11/19/10,exact
ERR1559700,-88.230357,41.840726,11/19/10,exact
ERR1559702,-88.230357,41.840726,11/19/10,exact
ERR1559711,-88.230357,41.840726,11/19/10,exact
ERR1559716,-88.230357,41.840717,11/19/10,exact
ERR1559717,-88.230357,41.840717,11/19/10,exact
ERR1559718,-88.230357,41.840717,11/19/10,exact
ERR1559723,-88.230357,41.840717,11/19/10,exact
ERR1559726,-88.230357,41.840717,11/19/10,exact
ERR1559727,-88.230357,41.840717,11/19/10,exact
ERR1559733,-88.230357,41.840717,11/19/10,exact
ERR1559735,-88.230357,41.840717,11/19/10,exact
ERR1766564,-122.40173,38.47372,3/31/11,exact
ERR1766565,-122.40173,38.47372,3/31/11,exact
ERR1766566,-122.40173,38.47372,3/31/11,exact
ERR1766567,-122.40173,38.47372,3/31/11,exact
ERR1766569,-122.40153,38.473865,3/31/11,exact
ERR1766570,-122.40153,38.473865,3/31/11,exact
ERR1766571,-122.40153,38.473865,3/31/11,exact
ERR1766572,-122.40135,38.47395,3/31/11,exact
ERR1766573,-122.40135,38.47395,3/31/11,exact
ERR1766574,-122.40135,38.47395,3/31/11,exact
ERR1766575,-122.40135,38.47395,3/31/11,exact
ERR1766576,-122.42686,38.45868,4/12/11,exact
ERR1766580,-122.42615,38.45901,4/12/11,exact
ERR1766582,-122.42615,38.45901,4/12/11,exact
ERR1766583,-122.42615,38.45901,4/12/11,exact
ERR1766584,-122.42628,38.45951,4/12/11,exact
ERR1766585,-122.42628,38.45951,4/12/11,exact
ERR1766586,-122.42628,38.45951,4/12/11,exact
ERR1766587,-122.42628,38.45951,4/12/11,exact
ERR1766589,-122.41701,38.43368,4/13/11,exact
ERR1766591,-122.41701,38.43368,4/13/11,exact
ERR1766592,-122.41761,38.433397,4/13/11,exact
ERR1766595,-122.41761,38.433397,4/13/11,exact
ERR1766596,-122.41844,38.43332,4/14/11,exact
ERR1766597,-122.41844,38.43332,4/14/11,exact
ERR1766598,-122.41844,38.43332,4/14/11,exact
ERR1766600,-122.43881,38.478857,4/25/11,exact
ERR1766601,-122.43881,38.478857,4/25/11,exact
ERR1766602,-122.43881,38.478857,4/25/11,exact
ERR1766603,-122.43881,38.478857,4/25/11,exact
ERR1766604,-122.43889,38.47901,4/25/11,exact
ERR1766605,-122.43889,38.47901,4/25/11,exact
ERR1766606,-122.43889,38.47901,4/25/11,exact
ERR1766608,-122.43909,38.47901,4/25/11,exact
ERR1766609,-122.43909,38.47901,4/25/11,exact
ERR1766610,-122.43909,38.47901,4/25/11,exact
ERR1766611,-122.43909,38.47901,4/25/11,exact
ERR1766612,-122.441,38.47763,4/26/11,exact
ERR1766613,-122.441,38.47763,4/26/11,exact
ERR1766618,-122.44122,38.4776,4/26/11,exact
ERR1766620,-122.44156,38.47766,4/26/11,exact
ERR1766622,-122.44156,38.47766,4/26/11,exact
ERR1766629,-122.4267,38.45737,4/28/11,exact
ERR1766631,-122.4267,38.45737,4/28/11,exact
ERR1766633,-122.42628,38.45702,4/28/11,exact
ERR1766634,-122.42628,38.45702,4/28/11,exact
ERR1766635,-122.42628,38.45702,4/28/11,exact
ERR1766636,-122.43715,38.44896,5/2/11,exact
ERR1766637,-122.43715,38.44896,5/2/11,exact
ERR1766638,-122.43715,38.44896,5/2/11,exact
ERR1766639,-122.43715,38.44896,5/2/11,exact
ERR1766640,-122.43715,38.44896,5/2/11,exact
ERR1766642,-122.43715,38.44896,5/2/11,exact
ERR1766643,-122.43715,38.44896,5/2/11,exact
ERR1766644,-122.43715,38.44896,5/2/11,exact
ERR1766649,-122.43783,38.44777,5/2/11,exact
ERR1766651,-122.43783,38.44777,5/2/11,exact
ERR1766652,-122.43783,38.44777,5/2/11,exact
ERR1766653,-122.40939,38.47026,5/3/11,exact
ERR1766654,-122.40939,38.47026,5/3/11,exact
ERR1766655,-122.40939,38.47026,5/3/11,exact
ERR1766656,-122.40939,38.47026,5/3/11,exact
ERR1766657,-122.41012,38.4714,5/3/11,exact
ERR1766658,-122.41012,38.4714,5/3/11,exact
ERR1766660,-122.41012,38.4714,5/3/11,exact
ERR1766661,-122.41116,38.4718,5/3/11,exact
ERR1766662,-122.41116,38.4718,5/3/11,exact
ERR1766663,-122.41116,38.4718,5/3/11,exact
ERR1766664,-122.41116,38.4718,5/3/11,exact
ERR1766665,-122.41245,38.46748,5/4/11,exact
ERR1766667,-122.41245,38.46748,5/4/11,exact
ERR1766668,-122.41245,38.46748,5/4/11,exact
ERR1766671,-122.41299,38.46709,5/4/11,exact
ERR1766672,-122.41299,38.46709,5/4/11,exact
ERR1766673,-122.41292,38.467764,5/4/11,exact
ERR1766674,-122.41292,38.467764,5/4/11,exact
ERR1766675,-122.41292,38.467764,5/4/11,exact
ERR1766676,-122.41292,38.467764,5/4/11,exact
ERR1766677,-122.40929,38.47252,5/5/11,exact
ERR1766678,-122.40929,38.47252,5/5/11,exact
ERR1766679,-122.40929,38.47252,5/5/11,exact
ERR1766680,-122.40929,38.47252,5/5/11,exact
ERR1766681,-122.40956,38.47245,5/5/11,exact
ERR1766682,-122.40956,38.47245,5/5/11,exact
ERR1766683,-122.40956,38.47245,5/5/11,exact
ERR1766684,-122.40956,38.47245,5/5/11,exact
ERR1766685,-122.40991,38.47239,5/5/11,exact
ERR1766686,-122.40991,38.47239,5/5/11,exact
ERR1766687,-122.40991,38.47239,5/5/11,exact
ERR1766688,-122.40991,38.47239,5/5/11,exact
ERR1766689,-122.34193,38.29354,5/11/11,exact
ERR1766690,-122.34193,38.29354,5/11/11,exact
ERR1766691,-122.34193,38.29354,5/11/11,exact
ERR1766692,-122.34193,38.29354,5/11/11,exact
ERR1766693,-122.34151,38.29333,5/11/11,exact
ERR1766694,-122.34151,38.29333,5/11/11,exact
ERR1766695,-122.34151,38.29333,5/11/11,exact
ERR1766697,-122.33996,38.293418,5/11/11,exact
ERR1766698,-122.33996,38.293418,5/11/11,exact
ERR1766699,-122.33996,38.293418,5/11/11,exact
ERR1766700,-122.33996,38.293418,5/11/11,exact
ERR1766702,-122.33833,38.29203,5/12/11,exact
ERR1766703,-122.33833,38.29203,5/12/11,exact
ERR1766704,-122.33833,38.29203,5/12/11,exact
ERR1766705,-122.33882,38.29192,5/12/11,exact
ERR1766706,-122.33882,38.29192,5/12/11,exact
ERR1766708,-122.33882,38.29192,5/12/11,exact
ERR1766709,-122.33722,38.29092,5/12/11,exact
ERR1766710,-122.33722,38.29092,5/12/11,exact
ERR1766711,-122.33722,38.29092,5/12/11,exact
ERR1766712,-122.33722,38.29092,5/12/11,exact
ERR1766713,-122.32494,38.22986,6/8/11,exact
ERR1766714,-122.32494,38.22986,6/8/11,exact
ERR1766715,-122.32494,38.22986,6/8/11,exact
ERR1766716,-122.32494,38.22986,6/8/11,exact
ERR1766717,-122.32443,38.22976,6/8/11,exact
ERR1766718,-122.32443,38.22976,6/8/11,exact
ERR1766719,-122.32443,38.22976,6/8/11,exact
ERR1766721,-122.32317,38.22948,6/8/11,exact
ERR1766723,-122.32317,38.22948,6/8/11,exact
ERR1766727,-122.46577,38.4902,6/9/11,exact
ERR1766728,-122.46577,38.4902,6/9/11,exact
ERR1766729,-122.4659,38.48947,6/9/11,exact
ERR1766730,-122.4659,38.48947,6/9/11,exact
ERR1766731,-122.4659,38.48947,6/9/11,exact
ERR1766733,-122.46605,38.49123,6/9/11,exact
ERR1766734,-122.46605,38.49123,6/9/11,exact
ERR1766735,-122.46605,38.49123,6/9/11,exact
ERR1766736,-122.46605,38.49123,6/9/11,exact
ERR1766738,-122.31195,38.35729,6/13/11,exact
ERR1766739,-122.31195,38.35729,6/13/11,exact
ERR1766740,-122.31195,38.35729,6/13/11,exact
ERR1766741,-122.31215,38.35614,6/13/11,exact
ERR1766742,-122.31215,38.35614,6/13/11,exact
ERR1766743,-122.31215,38.35614,6/13/11,exact
ERR1766744,-122.31215,38.35614,6/13/11,exact
ERR1766745,-122.31361,38.35649,6/13/11,exact
ERR1766746,-122.31361,38.35649,6/13/11,exact
ERR1766747,-122.31361,38.35649,6/13/11,exact
ERR1766748,-122.31361,38.35649,6/13/11,exact
ERR1766749,-122.4877,38.57227,6/15/11,exact
ERR1766750,-122.4877,38.57227,6/15/11,exact
ERR1766751,-122.4877,38.57227,6/15/11,exact
ERR1766753,-122.4877,38.57227,6/15/11,exact
ERR1766754,-122.4877,38.57227,6/15/11,exact
ERR1766759,-122.48834,38.572293,6/15/11,exact
ERR1766760,-122.48834,38.572293,6/15/11,exact
ERR1766761,-122.48834,38.572293,6/15/11,exact
ERR1766762,-122.48834,38.572293,6/15/11,exact
ERR1766763,-122.48917,38.57228,6/15/11,exact
ERR1766765,-122.48917,38.57228,6/15/11,exact
ERR1766767,-122.32426,38.53331,6/20/11,exact
ERR1766768,-122.32426,38.53331,6/20/11,exact
ERR1766769,-122.32426,38.53331,6/20/11,exact
ERR1766770,-122.32426,38.53331,6/20/11,exact
ERR1766772,-122.32297,38.53309,6/20/11,exact
ERR1766773,-122.32297,38.53309,6/20/11,exact
ERR1766777,-122.32292,38.532099,6/20/11,exact
ERR1766778,-122.32292,38.532099,6/20/11,exact
ERR1766779,-122.59386,38.62115,6/23/11,exact
ERR1766780,-122.59386,38.62115,6/23/11,exact
ERR1766783,-122.59469,38.62136,6/23/11,exact
ERR1766784,-122.59469,38.62136,6/23/11,exact
ERR1766785,-122.59469,38.62136,6/23/11,exact
ERR1766786,-122.59469,38.62136,6/23/11,exact
ERR1766788,-122.59411,38.62122,6/23/11,exact
ERR1766789,-122.59411,38.62122,6/23/11,exact
ERR1766790,-122.59411,38.62122,6/23/11,exact
ERR1766791,-122.59111,38.61946,6/23/11,exact
ERR1766792,-122.59111,38.61946,6/23/11,exact
ERR1766793,-122.59111,38.61946,6/23/11,exact
ERR1766796,-122.59062,38.6195,6/23/11,exact
ERR1766797,-122.59062,38.6195,6/23/11,exact
ERR1766798,-122.59062,38.6195,6/23/11,exact
ERR1766800,-122.59134,38.61925,6/23/11,exact
ERR1766802,-122.59134,38.61925,6/23/11,exact
ERR1844964,34.523,0.1075,3/29/12,exact
ERR1844966,34.48,0.0926,6/15/12,exact
ERR1844967,34.479,0.0929,3/30/12,exact
ERR1844968,34.479,0.0929,6/15/12,exact
ERR1844969,34.517,0.1225,3/31/12,exact
ERR1844970,34.517,0.1225,6/16/12,exact
ERR1844971,34.523,0.1075,6/14/12,exact
ERR1844972,34.523,0.1089,3/29/12,exact
ERR1844974,34.515,0.1216,6/16/12,exact
ERR1844975,34.517,0.1226,3/31/12,exact
ERR1844976,34.517,0.1226,6/16/12,exact
ERR1844977,34.523,0.1089,6/14/12,exact
ERR1844978,34.523,0.1071,3/29/12,exact
ERR1844979,34.505,0.0994,3/31/12,exact
ERR1844980,34.505,0.0994,6/16/12,exact
ERR1844981,34.479,0.0931,6/16/12,exact
ERR1844982,34.477,0.0936,6/15/12,exact
ERR1844983,34.481,0.0921,6/16/12,exact
ERR1844984,34.538,0.1325,6/16/12,exact
ERR1844985,34.538,0.1328,6/16/12,exact
ERR1844986,34.523,0.1071,6/14/12,exact
ERR1844987,34.518,0.1204,3/29/12,exact
ERR1844988,34.506,0.0989,6/16/12,exact
ERR1844989,34.49,0.0989,6/15/12,exact
ERR1844990,34.518,0.1204,6/14/12,exact
ERR1844991,34.522,0.1127,3/29/12,exact
ERR1844992,34.522,0.1127,6/14/12,exact
ERR1844993,34.521,0.1146,3/29/12,exact
ERR1844994,34.521,0.1146,6/14/12,exact
ERR1844995,34.491,0.0968,3/30/12,exact
ERR1844996,34.491,0.0968,6/15/12,exact
ERR1844998,34.49,0.0984,6/15/12,exact
ERR1845000,34.511,0.1015,6/17/12,exact
ERR1845001,34.511,0.1015,6/17/12,exact
ERR1845002,34.511,0.1015,6/17/12,exact
ERR1845003,34.511,0.1015,6/17/12,exact
ERR1845007,34.511,0.1015,6/17/12,exact
ERR1845008,34.511,0.1015,6/17/12,exact
ERR1845009,34.511,0.1015,6/17/12,exact
ERR1845010,34.511,0.1015,6/17/12,exact
ERR1845011,34.511,0.1015,6/17/12,exact
ERR1845012,34.511,0.1015,6/17/12,exact
ERR1845013,34.511,0.1015,6/17/12,exact
ERR1845014,34.511,0.1015,6/17/12,exact
ERR1845015,34.511,0.1015,6/17/12,exact
ERR1845016,34.511,0.1015,6/17/12,exact
ERR1845017,34.511,0.1015,6/17/12,exact
ERR1845018,34.511,0.1015,6/17/12,exact
ERR1845019,34.541,0.127,6/16/12,exact
ERR2259816,-105.24867,39.9614,7/3/09,exact
ERR2259817,-105.24867,39.9614,7/3/09,exact
ERR2259818,-105.24704,39.96098,7/3/09,exact
ERR2259819,-105.24704,39.96098,7/3/09,exact
ERR2259820,-105.24325,40.04718,7/3/09,exact
ERR2259821,-105.24325,40.04718,7/3/09,exact
ERR2259822,-105.24285,40.04715,7/3/09,exact
ERR2259823,-105.24285,40.04715,7/3/09,exact
ERR2259824,-105.24346,40.046911,7/3/09,exact
ERR2259825,-105.24346,40.046911,7/3/09,exact
ERR2259826,-105.24361,40.04695,7/3/09,exact
ERR2259827,-105.24361,40.04695,7/3/09,exact
ERR2259828,-105.24368,40.04686,7/3/09,exact
ERR2259829,-105.24368,40.04686,7/3/09,exact
ERR2259830,-105.24364,40.04697,7/3/09,exact
ERR2259831,-105.24364,40.04697,7/3/09,exact
ERR2259832,-105.24352,40.04666,7/3/09,exact
ERR2259833,-105.24352,40.04666,7/3/09,exact
ERR2259834,-105.24359,40.04659,7/3/09,exact
ERR2259835,-105.24359,40.04659,7/3/09,exact
ERR2259836,-105.24354,40.04645,7/3/09,exact
ERR2259837,-105.24354,40.04645,7/3/09,exact
ERR2259838,-105.24379,40.04623,7/3/09,exact
ERR2259839,-105.24379,40.04623,7/3/09,exact
ERR2259840,-105.24359,40.04632,7/3/09,exact
ERR2259841,-105.24359,40.04632,7/3/09,exact
ERR2259842,-105.24323,40.04707,7/3/09,exact
ERR2259843,-105.24323,40.04707,7/3/09,exact
ERR2259844,-105.24316,40.04715,7/3/09,exact
ERR2259845,-105.24316,40.04715,7/3/09,exact
ERR2259846,-105.24316,40.04715,7/3/09,exact
ERR2259847,-105.24316,40.04715,7/3/09,exact
ERR2259850,-105.24324,40.04704,7/3/09,exact
ERR2259851,-105.24324,40.04704,7/3/09,exact
ERR2259852,-105.2434,40.04698,7/3/09,exact
ERR2259853,-105.2434,40.04698,7/3/09,exact
ERR2259854,-105.2435,40.04706,7/3/09,exact
ERR2259855,-105.2435,40.04706,7/3/09,exact
ERR2259856,-105.2435,40.04706,7/3/09,exact
ERR2259857,-105.2435,40.04706,7/3/09,exact
ERR2259858,-105.24244,40.04709,7/7/09,exact
ERR2259859,-105.24244,40.04709,7/7/09,exact
ERR2259860,-105.24244,40.04709,7/7/09,exact
ERR2259861,-105.24244,40.04709,7/7/09,exact
ERR2259862,-105.24241,40.04715,7/7/09,exact
ERR2259863,-105.24241,40.04715,7/7/09,exact
ERR2259864,-105.24241,40.04715,7/7/09,exact
ERR2259865,-105.24241,40.04715,7/7/09,exact
ERR2259866,-105.24241,40.04715,7/7/09,exact
ERR2259867,-105.24241,40.04715,7/7/09,exact
ERR2259868,-105.24235,40.04705,7/7/09,exact
ERR2259869,-105.24235,40.04705,7/7/09,exact
ERR2259870,-105.24237,40.04713,7/7/09,exact
ERR2259871,-105.24237,40.04713,7/7/09,exact
ERR2259872,-105.2436,40.04641,6/26/09,exact
ERR2259873,-105.2436,40.04641,6/26/09,exact
ERR2259874,-105.24327,40.04715,6/26/09,exact
ERR2259875,-105.24327,40.04715,6/26/09,exact
ERR2259876,-105.24327,40.04715,6/26/09,exact
ERR2259877,-105.24327,40.04715,6/26/09,exact
ERR2259878,-105.24327,40.04715,6/26/09,exact
ERR2259879,-105.24327,40.04715,6/26/09,exact
ERR2259880,-105.24281,40.04729,6/26/09,exact
ERR2259881,-105.24281,40.04729,6/26/09,exact
ERR2259882,-105.24281,40.04729,6/26/09,exact
ERR2259883,-105.24281,40.04729,6/26/09,exact
ERR2259884,-105.2436,40.04641,6/26/09,exact
ERR2259885,-105.2436,40.04641,6/26/09,exact
ERR2259886,-105.24321,40.04707,6/26/09,exact
ERR2259888,-105.24321,40.04707,6/26/09,exact
ERR2259889,-105.24321,40.04707,6/26/09,exact
ERR2259890,-105.24345,40.04785,6/26/09,exact
ERR2259891,-105.24345,40.04785,6/26/09,exact
ERR2259892,-105.24345,40.04785,6/26/09,exact
ERR2259893,-105.24345,40.04785,6/26/09,exact
ERR2259894,-105.24345,40.04785,6/26/09,exact
ERR2259895,-105.24345,40.04785,6/26/09,exact
ERR2259896,-105.24308,40.04773,6/26/09,exact
ERR2259897,-105.24308,40.04773,6/26/09,exact
ERR2259898,-105.24308,40.04773,6/26/09,exact
ERR2259899,-105.24308,40.04773,6/26/09,exact
ERR2259900,-105.24292,40.04771,6/26/09,exact
ERR2259901,-105.24292,40.04771,6/26/09,exact
ERR2259902,-105.24308,40.04756,6/26/09,exact
ERR2259903,-105.24308,40.04756,6/26/09,exact
ERR2259904,-105.24308,40.04756,6/26/09,exact
ERR2259907,-105.24308,40.04756,6/26/09,exact
ERR2259908,-105.27674,40.10442,7/3/09,exact
ERR2259909,-105.27674,40.10442,7/3/09,exact
ERR2259910,-105.27504,40.10497,7/3/09,exact
ERR2259911,-105.27504,40.10497,7/3/09,exact
ERR2259912,-105.27492,40.10456,7/3/09,exact
ERR2259913,-105.27492,40.10456,7/3/09,exact
ERR2259914,-105.27651,40.10343,7/3/09,exact
ERR2259915,-105.27651,40.10343,7/3/09,exact
ERR2259916,-105.27556,40.10502,7/3/09,exact
ERR2259917,-105.27556,40.10502,7/3/09,exact
ERR2259918,-105.27556,40.10502,7/3/09,exact
ERR2259919,-105.27556,40.10502,7/3/09,exact
ERR2259920,-105.27559,40.10516,7/3/09,exact
ERR2259921,-105.27559,40.10516,7/3/09,exact
ERR2259922,-105.27601,40.10514,7/3/09,exact
ERR2259923,-105.27601,40.10514,7/3/09,exact
ERR2259924,-105.27601,40.10514,7/3/09,exact
ERR2259925,-105.27601,40.10514,7/3/09,exact
ERR2259926,-105.27635,40.10508,7/3/09,exact
ERR2259927,-105.27635,40.10508,7/3/09,exact
ERR2259928,-105.27768,40.10504,7/3/09,exact
ERR2259929,-105.27768,40.10504,7/3/09,exact
ERR2259930,-105.27853,40.10468,7/3/09,exact
ERR2259931,-105.27853,40.10468,7/3/09,exact
ERR2259932,-105.27848,40.10427,7/3/09,exact
ERR2259933,-105.27848,40.10427,7/3/09,exact
ERR2259934,-105.27746,40.10434,7/3/09,exact
ERR2259935,-105.27746,40.10434,7/3/09,exact
ERR2259936,-105.27544,40.10479,7/3/09,exact
ERR2259937,-105.27544,40.10479,7/3/09,exact
ERR2259938,-105.27613,40.10429,7/3/09,exact
ERR2259939,-105.27613,40.10429,7/3/09,exact
ERR2259940,-105.27583,40.1042,7/3/09,exact
ERR2259941,-105.27583,40.1042,7/3/09,exact
ERR2259942,-105.27616,40.10391,7/3/09,exact
ERR2259943,-105.27616,40.10391,7/3/09,exact
ERR2259944,-105.27834,40.10482,7/3/09,exact
ERR2259945,-105.27834,40.10482,7/3/09,exact
ERR2259947,-106.227,40.24405,6/25/09,exact
ERR2259949,-106.22646,40.24414,6/25/09,exact
ERR2259950,-106.22643,40.24458,6/25/09,exact
ERR2259951,-106.22643,40.24458,6/25/09,exact
ERR2259952,-106.22642,40.24396,6/25/09,exact
ERR2259953,-106.22642,40.24396,6/25/09,exact
ERR2259955,-106.22675,40.24389,6/25/09,exact
ERR2259956,-106.22635,40.24385,6/25/09,exact
ERR2259957,-106.22635,40.24385,6/25/09,exact
ERR2259958,-106.22682,40.24394,6/25/09,exact
ERR2259960,-106.22665,40.24465,6/25/09,exact
ERR2259961,-106.22665,40.24465,6/25/09,exact
ERR2259962,-106.22708,40.244,6/25/09,exact
ERR2259963,-106.22708,40.244,6/25/09,exact
ERR2259964,-105.22263,40.10096,6/15/09,exact
ERR2259965,-105.22263,40.10096,6/15/09,exact
ERR2259966,-105.216,40.0718,6/8/09,exact
ERR2259967,-105.216,40.0718,6/8/09,exact
ERR2259968,-105.21621,40.07148,5/22/09,exact
ERR2259969,-105.21621,40.07148,5/22/09,exact
ERR2259970,-105.21621,40.07013,5/22/09,exact
ERR2259971,-105.21621,40.07013,5/22/09,exact
ERR2259972,-105.21788,40.07056,5/22/09,exact
ERR2259973,-105.21788,40.07056,5/22/09,exact
ERR542779,-73.95891,40.7947,7/24/12,exact
ERR542782,-73.96556,40.77626,7/24/12,exact
ERR542796,-73.95876,40.79599,7/24/12,exact
ERR542800,-73.97083,40.77725,7/24/12,exact
ERR542802,-73.9664,40.77571,7/24/12,exact
ERR542805,-73.96664,40.78436,7/24/12,exact
ERR542826,-73.97227,40.77108,7/24/12,exact
ERR542834,-73.96348,40.79134,7/24/12,exact
ERR542835,-73.9699,40.78097,7/24/12,exact
ERR542843,-73.95462,40.79329,7/24/12,exact
ERR542848,-73.97083,40.77054,7/24/12,exact
ERR542851,-73.97383,40.76791,7/24/12,exact
ERR542862,-73.96638,40.78007,7/24/12,exact
ERR542869,-73.96768,40.78717,7/24/12,exact
ERR542879,-73.965,40.77911,7/24/12,exact
ERR542881,-73.96149,40.79453,7/24/12,exact
ERR542887,-73.9792,40.76946,7/24/12,exact
ERR542902,-73.97697,40.77291,7/24/12,exact
ERR542911,-73.9563,40.78888,7/24/12,exact
ERR542916,-73.97318,40.77121,7/24/12,exact
ERR542919,-73.97392,40.77525,7/24/12,exact
ERR542922,-73.97735,40.77128,7/24/12,exact
ERR542927,-73.97649,40.76937,7/24/12,exact
ERR542932,-73.97403,40.77036,7/24/12,exact
ERR542936,-73.96934,40.76967,7/24/12,exact
ERR542942,-73.96308,40.78261,7/24/12,exact
ERR542946,-73.95717,40.78765,7/24/12,exact
ERR542957,-73.97565,40.76732,7/24/12,exact
ERR542970,-73.96797,40.77626,7/24/12,exact
ERR542971,-73.96239,40.79129,7/24/12,exact
ERR542973,-73.95284,40.79636,7/24/12,exact
ERR542979,-73.95986,40.78991,7/24/12,exact
ERR542985,-73.96198,40.79426,7/24/12,exact
ERR543001,-73.97035,40.7722,7/24/12,exact
ERR543003,-73.97343,40.77033,7/24/12,exact
ERR543004,-73.97343,40.77033,7/24/12,exact
ERR543010,-73.95398,40.79798,7/24/12,exact
ERR543013,-73.96069,40.79122,7/24/12,exact
ERR543022,-73.96896,40.77279,7/24/12,exact
ERR543023,-73.97445,40.76625,7/24/12,exact
ERR543044,-73.96916,40.78503,7/24/12,exact
ERR543045,-73.97128,40.7819,7/24/12,exact
ERR543051,-73.97904,40.76923,7/24/12,exact
ERR543055,-73.95753,40.79785,7/24/12,exact
ERR543060,-73.96895,40.77177,7/24/12,exact
ERR543062,-73.96204,40.78865,7/24/12,exact
ERR543064,-73.9679,40.78329,7/24/12,exact
ERR543078,-73.97328,40.77853,7/24/12,exact
ERR543090,-73.96289,40.78203,7/24/12,exact
ERR543092,-73.96337,40.78128,7/24/12,exact
ERR543093,-73.95478,40.79004,7/24/12,exact
ERR543094,-73.95478,40.79004,7/24/12,exact
ERR543105,-73.95853,40.79412,7/24/12,exact
ERR543106,-73.95853,40.79412,7/24/12,exact
ERR543109,-73.9712,40.7688,7/24/12,exact
ERR543118,-73.95136667,40.7974,7/24/12,exact
ERR543121,-73.97834,40.7677,7/24/12,exact
ERR543129,-73.97395,40.77669,7/24/12,exact
ERR543130,-73.97395,40.77669,7/24/12,exact
ERR543138,-73.96686,40.7864,7/24/12,exact
ERR543141,-73.9672,40.77789,7/24/12,exact
ERR543151,-73.9675,40.78342,7/24/12,exact
ERR543154,-73.95593,40.79854,7/24/12,exact
ERR543158,-73.96223,40.79312,7/24/12,exact
ERR543161,-73.95258,40.79752,7/24/12,exact
ERR543172,-73.96826,40.77126,7/24/12,exact
ERR543173,-73.97215,40.77871,7/24/12,exact
ERR543177,-73.9612,40.79513,7/24/12,exact
ERR543180,-73.96414,40.77795,7/24/12,exact
ERR543184,-73.9576,40.79831,7/24/12,exact
ERR543194,-73.9734,40.76825,7/24/12,exact
ERR543196,-73.96674,40.78348,7/24/12,exact
ERR543199,-73.96552,40.77875,7/24/12,exact
ERR543204,-73.97429,40.77687,7/24/12,exact
ERR543207,-73.97712,40.76686,7/24/12,exact
ERR543209,-73.96947,40.7845,7/24/12,exact
ERR543210,-73.96947,40.7845,7/24/12,exact
ERR543211,-73.95441,40.79138,7/24/12,exact
ERR543215,-73.96016,40.79715,7/24/12,exact
ERR543218,-73.96555,40.77711,7/24/12,exact
ERR543223,-73.96951,40.78359,7/24/12,exact
ERR543235,-73.96829,40.78383,7/24/12,exact
ERR543237,-73.97981,40.76876,7/24/12,exact
ERR543241,-73.97414,40.76971,7/24/12,exact
ERR543253,-73.97923,40.77039,7/24/12,exact
ERR543254,-73.97923,40.77039,7/24/12,exact
ERR543264,-73.94981,40.79668,7/24/12,exact
ERR543265,-73.97366,40.76762,7/24/12,exact
ERR543270,-73.9798,40.76974,7/24/12,exact
ERR543271,-73.97649,40.76666,7/24/12,exact
ERR543278,-73.95544,40.79576,7/24/12,exact
ERR543282,-73.96846,40.78489,7/24/12,exact
ERR543285,-73.95897,40.79568,7/24/12,exact
ERR543291,-73.95461,40.79509,7/24/12,exact
ERR543294,-73.97849,40.77156,7/24/12,exact
ERR543295,-73.95345,40.79608,7/24/12,exact
ERR543309,-73.97878,40.76792,7/24/12,exact
ERR543316,-73.97818,40.76924,7/24/12,exact
ERR543321,-73.95773,40.79386,7/24/12,exact
ERR543326,-73.97159,40.76917,7/24/12,exact
ERR543329,-73.9664,40.77502,7/24/12,exact
ERR543332,-73.97623,40.76682,7/24/12,exact
ERR543341,-73.96699,40.78301,7/24/12,exact
ERR543346,-73.96688,40.78688,7/24/12,exact
ERR543357,-73.97105,40.769,7/24/12,exact
ERR543362,-73.96091,40.78959,7/24/12,exact
ERR543371,-73.95924,40.79857,7/24/12,exact
ERR543397,-73.97345,40.77921,7/24/12,exact
ERR543398,-73.97345,40.77921,7/24/12,exact
ERR543400,-73.96503,40.78909,7/24/12,exact
ERR543405,-73.95872,40.79355,7/24/12,exact
ERR543411,-73.96916,40.77826,7/24/12,exact
ERR543415,-73.96988,40.78046,7/24/12,exact
ERR543424,-73.96349,40.79278,7/24/12,exact
ERR543431,-73.97588,40.77447,7/24/12,exact
ERR543435,-73.97148,40.7725,7/24/12,exact
ERR543442,-73.97388,40.77576,7/24/12,exact
ERR543447,-73.97177,40.77308,7/24/12,exact
ERR543449,-73.96507,40.77975,7/24/12,exact
ERR543453,-73.95588,40.79647,7/24/12,exact
ERR543456,-73.97639,40.77261,7/24/12,exact
ERR543459,-73.96061,40.78247,7/24/12,exact
ERR543474,-73.97729,40.77379,7/24/12,exact
ERR543478,-73.97079,40.7793,7/24/12,exact
ERR543497,-73.95689,40.79769,7/24/12,exact
ERR543498,-73.95689,40.79769,7/24/12,exact
ERR543500,-73.97066,40.77077,7/24/12,exact
ERR543508,-73.95731,40.7969,7/24/12,exact
ERR543511,-73.97725,40.76915,7/24/12,exact
ERR543513,-73.95755,40.78698,7/24/12,exact
ERR543514,-73.95755,40.78698,7/24/12,exact
ERR543521,-73.96075,40.78901,7/24/12,exact
ERR543529,-73.96006,40.78313,7/24/12,exact
ERR543532,-73.97221,40.78027,7/24/12,exact
ERR543541,-73.96983,40.77325,7/24/12,exact
ERR543552,-73.96532,40.77615,7/24/12,exact
ERR543556,-73.95703,40.78651,7/24/12,exact
ERR543567,-73.96423,40.78835,7/24/12,exact
ERR543577,-73.96111,40.79543,7/24/12,exact
ERR543581,-73.96785,40.77826,7/24/12,exact
ERR543586,-73.97464,40.77301,7/24/12,exact
ERR543599,-73.96976,40.77541,7/24/12,exact
ERR543601,-73.97691,40.77288,7/24/12,exact
ERR543610,-73.97659,40.76702,7/24/12,exact
ERR543619,-73.96924,40.78048,7/24/12,exact
ERR543623,-73.96639,40.78479,7/24/12,exact
ERR543627,-73.95797,40.79758,7/24/12,exact
ERR543628,-73.95797,40.79758,7/24/12,exact
ERR543631,-73.97811,40.77312,7/24/12,exact
ERR543640,-73.95776,40.79653,7/24/12,exact
ERR543641,-73.97216,40.78064,7/24/12,exact
ERR543646,-73.95684,40.79911,7/24/12,exact
ERR543647,-73.97063,40.77335,7/24/12,exact
ERR543654,-73.95453,40.79426,7/24/12,exact
ERR543656,-73.95444,40.79079,7/24/12,exact
ERR543657,-73.97163,40.7665,7/24/12,exact
ERR543658,-73.97163,40.7665,7/24/12,exact
ERR543662,-73.97341,40.77781,7/24/12,exact
ERR543663,-73.96863,40.77742,7/24/12,exact
ERR543685,-73.97031,40.78342,7/24/12,exact
ERR543691,-73.96518,40.77524,7/24/12,exact
ERR543697,-73.95956,40.79817,7/24/12,exact
ERR543698,-73.95956,40.79817,7/24/12,exact
ERR543707,-73.9668,40.77331,7/24/12,exact
ERR543712,-73.96606,40.78326,7/24/12,exact
ERR543726,-73.96908,40.77005,7/24/12,exact
ERR543738,-73.96727,40.78772,7/24/12,exact
ERR543743,-73.97368,40.76538,7/24/12,exact
ERR543746,-73.97223,40.77328,7/24/12,exact
ERR543756,-73.96149,40.79279,7/24/12,exact
ERR543767,-73.96774,40.77995,7/24/12,exact
ERR543791,-73.95631,40.79646,7/24/12,exact
ERR543794,-73.96084,40.78129,7/24/12,exact
ERR543802,-73.97514,40.77665,7/24/12,exact
ERR543806,-73.97163,40.77348,7/24/12,exact
ERR543808,-73.9671,40.77861,7/24/12,exact
ERR543817,-73.96262,40.78881,7/24/12,exact
ERR543822,-73.97623,40.77387,7/24/12,exact
ERR543824,-73.97198,40.78138,7/24/12,exact
ERR543840,-73.97199,40.77091,7/24/12,exact
ERR543843,-73.967,40.77659,7/24/12,exact
ERR543847,-73.97024,40.7744,7/24/12,exact
ERR543849,-73.95508333,40.79908333,7/24/12,exact
ERR543858,-73.96961,40.7765,7/24/12,exact
ERR543873,-73.95279,40.79262,7/24/12,exact
ERR543877,-73.96189,40.79475,7/24/12,exact
ERR543878,-73.96189,40.79475,7/24/12,exact
ERR543881,-73.97622,40.77157,7/24/12,exact
ERR543883,-73.97315,40.77429,7/24/12,exact
ERR543891,-73.96269,40.78217,7/24/12,exact
ERR543893,-73.9726,40.77922,7/24/12,exact
ERR543901,-73.95789,40.7894,7/24/12,exact
ERR543909,-73.97498,40.76993,7/24/12,exact
ERR543912,-73.96484,40.78984,7/24/12,exact
ERR543914,-73.95472,40.79543,7/24/12,exact
ERR543916,-73.97933,40.76833,7/24/12,exact
ERR543917,-73.96104,40.782,7/24/12,exact
ERR543925,-73.95714,40.7947,7/24/12,exact
ERR543931,-73.9735,40.77349,7/24/12,exact
ERR543934,-73.96024,40.79419,7/24/12,exact
SRR18092364,35.00388889,0.99544444,NA,range_2016_2018
SRR18092365,36.74675,-0.714883,NA,range_2016_2018
SRR18092366,34.49083333,0.37833333,NA,range_2016_2018
SRR18092367,34.77333333,0.29541667,NA,range_2016_2018
SRR18092368,35.151639,-0.260361,NA,range_2016_2018
SRR18092369,35.654233,-0.167967,NA,range_2016_2018
SRR18092370,36.429317,-0.7425,NA,range_2016_2018
SRR18092371,27.1975,-22.795,NA,range_2016_2018
SRR18092372,36.49444444,-0.868133,NA,range_2016_2018
SRR18092373,36.60735,-1.09615,NA,range_2016_2018
SRR18092374,37.77222222,-3.562472,NA,range_2016_2018
SRR18092375,37.712383,-3.311417,NA,range_2016_2018
SRR18092376,38.651817,-3.769717,NA,range_2016_2018
SRR18092377,38.2095,-3.542167,NA,range_2016_2018
SRR18092378,38.29435,-3.405267,NA,range_2016_2018
SRR18092379,28.35015667,-19.58353167,NA,range_2016_2018
SRR18092380,-6.0419,6.0869,NA,range_2016_2018
SRR18092381,-3.9401,5.9138,NA,range_2016_2018
SRR18092382,-5.962,6.4231,NA,range_2016_2018
SRR18092383,-5.6839,6.6441,NA,range_2016_2018
SRR18092384,-5.3033,6.7859,NA,range_2016_2018
SRR18092385,-5.1633,7.2165,NA,range_2016_2018
SRR18092386,2.6065,8.8254,NA,range_2016_2018
SRR18092387,-5.0273,7.6372,NA,range_2016_2018
SRR18092388,-5.0837,8.0939,NA,range_2016_2018
SRR18092389,-5.1942,8.4903,NA,range_2016_2018
SRR18092390,-5.3689,8.8701,NA,range_2016_2018
SRR18092391,-5.5894,9.2197,NA,range_2016_2018
SRR18092392,-5.4588,9.5186,NA,range_2016_2018
SRR18092393,-5.3672,10.067,NA,range_2016_2018
SRR18092394,-4.0594,5.5187,NA,range_2016_2018
SRR18092395,-5.4114,10.0818,NA,range_2016_2018
SRR18092396,-3.2955,9.6972,NA,range_2016_2018
SRR18092397,2.6111,8.4064,NA,range_2016_2018
SRR18092398,-3.0425,9.3612,NA,range_2016_2018
SRR18092399,-3.1806,8.9811,NA,range_2016_2018
SRR18092400,-3.1262,8.5676,NA,range_2016_2018
SRR18092401,15.2072,-23.143617,NA,range_2016_2018
SRR18092402,15.208817,-23.142817,NA,range_2016_2018
SRR18092403,15.0394,-23.067217,NA,range_2016_2018
SRR18092404,16.144567,-23.246383,NA,range_2016_2018
SRR18092405,16.144633,-23.245833,NA,range_2016_2018
SRR18092406,16.143333,-23.24525,NA,range_2016_2018
SRR18092407,16.1427,-23.244717,NA,range_2016_2018
SRR18092408,2.5021,8.0483,NA,range_2016_2018
SRR18092409,16.011517,-23.346333,NA,range_2016_2018
SRR18092410,16.000867,-23.3459,NA,range_2016_2018
SRR18092411,16.010167,-23.34525,NA,range_2016_2018
SRR18092412,30.18504,-28.9041,NA,range_2016_2018
SRR18092413,29.99942,-28.83057,NA,range_2016_2018
SRR18092414,29.82049,-28.75824,NA,range_2016_2018
SRR18092415,26.19777778,-24.33583333,NA,range_2016_2018
SRR18092416,29.72565,-28.60586,NA,range_2016_2018
SRR18092417,26.03642,-28.30098,NA,range_2016_2018
SRR18092418,25.8607,-28.35271,NA,range_2016_2018
SRR18092419,25.64232,-28.38771,NA,range_2016_2018
SRR18092420,25.45043,-28.40269,NA,range_2016_2018
SRR18092421,25.29146,-28.51597,NA,range_2016_2018
SRR18092422,25.112,-28.62686,NA,range_2016_2018
SRR18092423,24.91705,-28.70744,NA,range_2016_2018
SRR18092424,24.70313,-28.83706,NA,range_2016_2018
SRR18092425,24.63812,-29.01264,NA,range_2016_2018
SRR18092426,30.00008139,-20.31674583,NA,range_2016_2018
SRR18092427,28.10007111,-17.56692444,NA,range_2016_2018
SRR18092428,24.75779,-29.13967,NA,range_2016_2018
SRR18092429,24.92729,-29.24553,NA,range_2016_2018
SRR18092430,29.75989,-30.51305,NA,range_2016_2018
SRR18092431,29.88928,-30.43386,NA,range_2016_2018
SRR18092432,29.97405,-30.25625,NA,range_2016_2018
SRR18092433,30.08317,-30.11869,NA,range_2016_2018
SRR18092434,30.22132,-30.0261,NA,range_2016_2018
SRR18092435,30.28699,-29.88998,NA,range_2016_2018
SRR18092436,30.37809,-29.74906,NA,range_2016_2018
SRR18092437,30.58756,-29.20503,NA,range_2016_2018
SRR18092438,29.53340389,-20.46688639,NA,range_2016_2018
SRR18092439,30.47208,-29.38804,NA,range_2016_2018
SRR18092440,26.36901,-27.8705,NA,range_2016_2018
SRR18092441,26.29962,-28.01166,NA,range_2016_2018
SRR18092442,26.22473,-28.17776,NA,range_2016_2018
SRR18092443,26.17164,-28.35644,NA,range_2016_2018
SRR18092444,22.00416667,-21.67277778,NA,range_2016_2018
SRR18092445,26.16825556,-17.76687194,NA,range_2016_2018
SRR18092446,26.83419167,-17.55019194,NA,range_2016_2018
SRR18092447,28.51676194,-13.00024417,NA,range_2016_2018
SRR18092448,26.16747778,-17.2333725,NA,range_2016_2018
SRR18092449,26.50043056,-17.03340333,NA,range_2016_2018
SRR18092450,26.00111389,-16.78357667,NA,range_2016_2018
SRR18092451,26.33349167,-16.60016306,NA,range_2016_2018
SRR18092452,26.33515833,-16.21693556,NA,range_2016_2018
SRR18092453,26.00070556,-15.9834225,NA,range_2016_2018
SRR18092454,30.83403056,-12.6502,NA,range_2016_2018
SRR18092455,22.49833333,-21.29055556,NA,range_2016_2018
SRR18092456,30.83569444,-13.06693667,NA,range_2016_2018
SRR18092457,28.66689222,-13.26676889,NA,range_2016_2018
SRR18092458,32.7834225,-13.45005972,NA,range_2016_2018
SRR18092459,30.00248333,-13.28352306,NA,range_2016_2018
SRR18092460,30.33460278,-13.48346056,NA,range_2016_2018
SRR18092461,30.50252778,-13.66678583,NA,range_2016_2018
SRR18092462,30.16792778,-13.93351861,NA,range_2016_2018
SRR18092463,30.83341667,-14.18338944,NA,range_2016_2018
SRR18092464,30.00144167,-14.4668775,NA,range_2016_2018
SRR18092465,30.33359722,-14.88336583,NA,range_2016_2018
SRR18092466,22.65222222,-20.92416667,NA,range_2016_2018
SRR18092467,28.50249167,-13.70018472,NA,range_2016_2018
SRR18092468,28.16708056,-15.18343417,NA,range_2016_2018
SRR18092469,28.666975,-15.28345056,NA,range_2016_2018
SRR18092470,28.335825,-15.36668361,NA,range_2016_2018
SRR18092471,28.66679444,-13.91672056,NA,range_2016_2018
SRR18092472,28.00007778,-13.73347056,NA,range_2016_2018
SRR18092473,28.50135278,-13.60009417,NA,range_2016_2018
SRR18092474,28.3392222,-13.36667361,NA,range_2016_2018
SRR18092475,30.16881389,-13.21684222,NA,range_2016_2018
SRR18092476,17.3529,-30.1682,NA,range_2016_2018
SRR18092477,17.3529,-30.1679,NA,range_2016_2018
SRR18092478,17.3526,-30.1679,NA,range_2016_2018
SRR18092479,17.3529,-30.1682,NA,range_2016_2018
SRR18092480,17.5827,-30.0411,NA,range_2016_2018
SRR18092481,17.5823,-30.0411,NA,range_2016_2018
SRR18092482,17.5824,-30.0413,NA,range_2016_2018
SRR18092483,17.5826,-30.041,NA,range_2016_2018
SRR18092484,31.45013,-18.13357972,NA,range_2016_2018
SRR18092485,31.93345444,-18.16670556,NA,range_2016_2018
SRR18092486,25.42805556,-18.15666667,NA,range_2016_2018
SRR18092487,32.20024306,-18.53346556,NA,range_2016_2018
SRR18092488,13.19668,-18.83975,NA,range_2016_2018
SRR18092489,12.73672,-18.73426,NA,range_2016_2018
SRR18092490,12.30325,-18.59717,NA,range_2016_2018
SRR18092491,12.15315,-17.8218,NA,range_2016_2018
SRR18092492,12.46108,-17.50739,NA,range_2016_2018
SRR18092493,12.5751,-17.94808,NA,range_2016_2018
SRR18092494,12.87157,-18.28753,NA,range_2016_2018
SRR18092495,13.33171,-18.25286,NA,range_2016_2018
SRR18092496,18.6889,-21.1126,NA,range_2016_2018
SRR18092497,25.55055556,-18.57583333,NA,range_2016_2018
SRR18092498,17.8746,-21.2992,NA,range_2016_2018
SRR18092499,18.0994,-21.7034,NA,range_2016_2018
SRR18092500,18.5327,-21.946,NA,range_2016_2018
SRR18092501,19.2294,-23.7838,NA,range_2016_2018
SRR18092502,20.5737,-19.5882,NA,range_2016_2018
SRR18092503,19.6959,-24.6788,NA,range_2016_2018
SRR18092504,19.8829,-25.1076,NA,range_2016_2018
SRR18092505,19.2319,-25.1384,NA,range_2016_2018
SRR18092506,20.5737,-19.5882,NA,range_2016_2018
SRR18092507,18.5151,-24.4815,NA,range_2016_2018
SRR18092508,25.75305556,-18.73888889,NA,range_2016_2018
SRR18092509,18.2,-24.0837,NA,range_2016_2018
SRR18092510,18.565,-23.484,NA,range_2016_2018
SRR18092511,18.565,-23.484,NA,range_2016_2018
SRR18092512,19.0322,-23.2985,NA,range_2016_2018
SRR18092513,18.9373,-22.8527,NA,range_2016_2018
SRR18092514,19.652,-22.2448,NA,range_2016_2018
SRR18092515,20.0561,-21.9702,NA,range_2016_2018
SRR18092516,20.0282,-19.4795,NA,range_2016_2018
SRR18092517,20.5176,-21.8174,NA,range_2016_2018
SRR18092518,20.986,-21.941,NA,range_2016_2018
SRR18092519,25.87222222,-19.34277778,NA,range_2016_2018
SRR18092520,19.1841,-22.3727,NA,range_2016_2018
SRR18092521,18.6513,-22.3867,NA,range_2016_2018
SRR18092522,18.1546,-22.3535,NA,range_2016_2018
SRR18092523,17.6611,-22.3749,NA,range_2016_2018
SRR18092524,17.2051,-22.5392,NA,range_2016_2018
SRR18092525,17.9801,-25.5866,NA,range_2016_2018
SRR18092526,17.9801,-25.5866,NA,range_2016_2018
SRR18092527,19.5504,-19.3707,NA,range_2016_2018
SRR18092528,18.1399,-26.0169,NA,range_2016_2018
SRR18092529,18.0658,-26.4885,NA,range_2016_2018
SRR18092530,26.00722222,-19.54277778,NA,range_2016_2018
SRR18092531,18.5705,-26.5888,NA,range_2016_2018
SRR18092532,19.0778,-26.5726,NA,range_2016_2018
SRR18092533,19.5709,-26.8434,NA,range_2016_2018
SRR18092534,19.4524,-27.2834,NA,range_2016_2018
SRR18092535,19.0688,-27.5818,NA,range_2016_2018
SRR18092536,18.7536,-27.9478,NA,range_2016_2018
SRR18092537,18.5106,-28.3935,NA,range_2016_2018
SRR18092538,17.9937,-28.4439,NA,range_2016_2018
SRR18092539,19.0442,-19.3041,NA,range_2016_2018
SRR18092540,16.7195,-27.9209,NA,range_2016_2018
SRR18092541,26.17555556,-20.06861111,NA,range_2016_2018
SRR18092542,2.8399,10.8453,NA,range_2016_2018
SRR18092543,16.7321,-27.4586,NA,range_2016_2018
SRR18092544,18.2989,-19.3889,NA,range_2016_2018
SRR18092545,16.4088,-27.0962,NA,range_2016_2018
SRR18092546,15.1158,-26.6925,NA,range_2016_2018
SRR18092547,15.7377,-26.5706,NA,range_2016_2018
SRR18092548,16.3095,-26.647,NA,range_2016_2018
SRR18092549,16.5338,-26.2093,NA,range_2016_2018
SRR18092550,16.0934,-25.9135,NA,range_2016_2018
SRR18092551,16.3121,-25.4976,NA,range_2016_2018
SRR18092552,16.6934,-25.1953,NA,range_2016_2018
SRR18092553,26.39055556,-20.53722222,NA,range_2016_2018
SRR18092554,16.9591,-24.7783,NA,range_2016_2018
SRR18092555,16.7288,-24.3608,NA,range_2016_2018
SRR18092556,16.5593,-23.9304,NA,range_2016_2018
SRR18092557,16.7474,-23.511,NA,range_2016_2018
SRR18092558,16.678,-22.4701,NA,range_2016_2018
SRR18092559,16.0572,-19.9819,NA,range_2016_2018
SRR18092560,16.367,-22.101,NA,range_2016_2018
SRR18092561,15.8551,-21.9629,NA,range_2016_2018
SRR18092562,15.8924,-19.5801,NA,range_2016_2018
SRR18092563,16.1106,-19.1044,NA,range_2016_2018
SRR18092564,27.64,-21.21888889,NA,range_2016_2018
SRR18092565,16.6492,-19.0022,NA,range_2016_2018
SRR18092566,17.4746,-18.7073,NA,range_2016_2018
SRR18092567,16.807,-18.5398,NA,range_2016_2018
SRR18092568,15.443,-18.209,NA,range_2016_2018
SRR18092569,15.0562,-17.9429,NA,range_2016_2018
SRR18092570,13.8955,-17.3627,NA,range_2016_2018
SRR18092571,14.4292,-17.4129,NA,range_2016_2018
SRR18092572,14.9457,-17.4943,NA,range_2016_2018
SRR18092573,15.4751,-17.4672,NA,range_2016_2018
SRR18092574,15.9554,-17.5155,NA,range_2016_2018
SRR18092575,27.39222222,-22.39027778,NA,range_2016_2018
SRR18092576,16.4272,-17.4721,NA,range_2016_2018
SRR18092577,16.1389,-20.5439,NA,range_2016_2018
SRR18092578,16.8978,-17.5867,NA,range_2016_2018
SRR18092579,17.4203,-17.6252,NA,range_2016_2018
SRR18092580,17.9091,-17.6146,NA,range_2016_2018
SRR18092581,18.4122,-17.7385,NA,range_2016_2018
SRR18092582,18.891,-17.8193,NA,range_2016_2018
SRR18092583,19.3847,-17.8673,NA,range_2016_2018
SRR18092584,20.8385,-18.0596,NA,range_2016_2018
SRR18092585,21.3213,-18.0303,NA,range_2016_2018
SRR18092586,27.07527778,-22.65222222,NA,range_2016_2018
SRR18092587,24.7048,-17.7675,NA,range_2016_2018
SRR18092588,24.1886,-17.636,NA,range_2016_2018
SRR18092589,16.0496,-21.0143,NA,range_2016_2018
SRR18092590,23.7397,-17.8113,NA,range_2016_2018
SRR18092591,23.2558,-17.7861,NA,range_2016_2018
SRR18092592,22.794,-17.9103,NA,range_2016_2018
SRR18092593,22.2994,-18.0201,NA,range_2016_2018
SRR18092594,21.8015,-18.0741,NA,range_2016_2018
SRR18092595,20.354,-17.939,NA,range_2016_2018
SRR18092596,19.8677,-17.9086,NA,range_2016_2018
SRR18092597,26.83194444,-22.31277778,NA,range_2016_2018
SRR18092598,19.473,-18.1903,NA,range_2016_2018
SRR18092599,19.1519,-18.5778,NA,range_2016_2018
SRR18092600,16.011,-21.495,NA,range_2016_2018
SRR18092601,18.6925,-19.0388,NA,range_2016_2018
SRR18092602,16.8068,-23.0479,NA,range_2016_2018
SRR18092603,17.04,-20.0018,NA,range_2016_2018
SRR18092604,17.04,-20.0018,NA,range_2016_2018
SRR18092605,17.3162,-19.6298,NA,range_2016_2018
SRR18092606,17.8199,-19.4347,NA,range_2016_2018
SRR18092607,18.5812,-19.6594,NA,range_2016_2018
SRR18092608,26.5,-22.05861111,NA,range_2016_2018
SRR18092609,18.2712,-20.0635,NA,range_2016_2018
SRR18092610,18.2052,-20.5111,NA,range_2016_2018
SRR18092611,20.7303,-19.9919,NA,range_2016_2018
SRR18092612,18.2219,-20.9653,NA,range_2016_2018
SRR18092613,35.3057,-23.8193,NA,range_2016_2018
SRR18092614,35.535,-23.8314,NA,range_2016_2018
SRR18092615,34.1072,-18.8805,NA,range_2016_2018
SRR18092616,35.3267,-17.8946,NA,range_2016_2018
SRR18092617,35.6701,-17.6903,NA,range_2016_2018
SRR18092618,36.0685,-17.5629,NA,range_2016_2018
SRR18092619,25.99611111,-21.95944444,NA,range_2016_2018
SRR18092620,36.5458,-17.5624,NA,range_2016_2018
SRR18092621,33.265,-17.0786,NA,range_2016_2018
SRR18092622,36.9168,-17.7411,NA,range_2016_2018
SRR18092623,37.2414,-16.2986,NA,range_2016_2018
SRR18092624,37.4913,-16.0631,NA,range_2016_2018
SRR18092625,37.636,-15.6857,NA,range_2016_2018
SRR18092626,38.1476,-15.5345,NA,range_2016_2018
SRR18092627,38.6482,-15.5043,NA,range_2016_2018
SRR18092628,39.125,-15.2225,NA,range_2016_2018
SRR18092629,39.5077,-15.0767,NA,range_2016_2018
SRR18092630,25.73888889,-21.44694444,NA,range_2016_2018
SRR18092631,32.1096,-23.82,NA,range_2016_2018
SRR18092632,39.9624,-14.8901,NA,range_2016_2018
SRR18092633,39.8975,-14.5139,NA,range_2016_2018
SRR18092634,39.9238,-14.0867,NA,range_2016_2018
SRR18092635,39.8475,-13.6702,NA,range_2016_2018
SRR18092636,35.9473,-16.312,NA,range_2016_2018
SRR18092637,35.7512,-16.0892,NA,range_2016_2018
SRR18092638,34.207,-15.8023,NA,range_2016_2018
SRR18092639,32.6989,-15.5886,NA,range_2016_2018
SRR18092640,32.8923,-15.7525,NA,range_2016_2018
SRR18092641,32.8864,-24.3735,NA,range_2016_2018
SRR18092642,33.1985,-16.05,NA,range_2016_2018
SRR18092643,26.58333333,-20.63666667,NA,range_2016_2018
SRR18092644,33.4049,-16.4121,NA,range_2016_2018
SRR18092645,33.2689,-16.8529,NA,range_2016_2018
SRR18092646,33.3755,-17.3835,NA,range_2016_2018
SRR18092647,33.2221,-17.8361,NA,range_2016_2018
SRR18092648,33.2102,-18.2796,NA,range_2016_2018
SRR18092649,33.3119,-18.7704,NA,range_2016_2018
SRR18092650,33.4381,-19.1072,NA,range_2016_2018
SRR18092651,33.8801,-19.2758,NA,range_2016_2018
SRR18092652,33.837,-20.0069,NA,range_2016_2018
SRR18092653,33.1348,-24.7915,NA,range_2016_2018
SRR18092654,27.03583333,-20.82805556,NA,range_2016_2018
SRR18092655,33.967,-20.4251,NA,range_2016_2018
SRR18092656,34.2262,-20.8345,NA,range_2016_2018
SRR18092657,34.6242,-21.1918,NA,range_2016_2018
SRR18092658,35.0473,-21.5125,NA,range_2016_2018
SRR18092659,35.4546,-21.7888,NA,range_2016_2018
SRR18092660,35.4549,-21.7864,NA,range_2016_2018
SRR18092661,35.2476,-21.9966,NA,range_2016_2018
SRR18092662,35.0956,-22.4866,NA,range_2016_2018
SRR18092663,35.1293,-22.6659,NA,range_2016_2018
SRR18092664,32.8112,-25.1312,NA,range_2016_2018
SRR18092665,27.49583333,-20.74861111,NA,range_2016_2018
SRR18092666,35.2858,-23.1059,NA,range_2016_2018
SRR18092667,35.3914,-23.0619,NA,range_2016_2018
SRR18092668,16.00975,-23.344633,NA,range_2016_2018
SRR18092669,15.860917,-23.32075,NA,range_2016_2018
SRR18092670,15.8617,-23.32065,NA,range_2016_2018
SRR18092671,15.862667,-23.320417,NA,range_2016_2018
SRR18092672,15.863467,-23.32035,NA,range_2016_2018
SRR18092673,15.714267,-23.326733,NA,range_2016_2018
SRR18092674,15.714433,-23.325883,NA,range_2016_2018
SRR18092675,2.1873,7.7411,NA,range_2016_2018
SRR18092676,15.7141,-23.32445,NA,range_2016_2018
SRR18092677,15.714067,-23.324033,NA,range_2016_2018
SRR18092678,15.5339,-23.309733,NA,range_2016_2018
SRR18092679,15.5338,-23.312317,NA,range_2016_2018
SRR18092680,15.533867,-23.31055,NA,range_2016_2018
SRR18092681,15.533867,-23.309733,NA,range_2016_2018
SRR18092682,15.359967,-23.247533,NA,range_2016_2018
SRR18092683,15.360083,-23.246783,NA,range_2016_2018
SRR18092684,15.360583,-23.245867,NA,range_2016_2018
SRR18092685,15.36105,-23.245217,NA,range_2016_2018
SRR18092686,2.0756,7.3467,NA,range_2016_2018
SRR18092687,26.60666667,-23.2125,NA,range_2016_2018
SRR18092688,26.39222222,-23.30222222,NA,range_2016_2018
SRR18092689,25.97111111,-23.48944444,NA,range_2016_2018
SRR18092690,25.84527778,-23.91416667,NA,range_2016_2018
SRR18092691,25.70833333,-24.35944444,NA,range_2016_2018
SRR18092692,25.76916667,-24.70722222,NA,range_2016_2018
SRR18092693,25.29722222,-24.92305556,NA,range_2016_2018
SRR18092694,25.0225,-24.79416667,NA,range_2016_2018
SRR18092695,24.44277778,-24.67666667,NA,range_2016_2018
SRR18092696,24.01722222,-24.57416667,NA,range_2016_2018
SRR18092697,2.1709,7.025,NA,range_2016_2018
SRR18092698,27.66685139,-18.28354222,NA,range_2016_2018
SRR18092699,15.0801,-23.7852,NA,range_2016_2018
SRR18092700,25.9077,-26.3823,NA,range_2016_2018
SRR18092701,29.9884,-27.6483,NA,range_2016_2018
SRR18092702,29.8203,-27.3088,NA,range_2016_2018
SRR18092703,29.4068,-27.059,NA,range_2016_2018
SRR18092704,29.8895,-26.5844,NA,range_2016_2018
SRR18092705,25.06277778,-21.31305556,NA,range_2016_2018
SRR18092706,29.9898,-26.2315,NA,range_2016_2018
SRR18092707,29.9274,-25.9012,NA,range_2016_2018
SRR18092708,29.5072,-25.8302,NA,range_2016_2018
SRR18092709,26.3457,-26.3308,NA,range_2016_2018
SRR18092710,29.0797,-26.0446,NA,range_2016_2018
SRR18092711,29.1092,-26.3834,NA,range_2016_2018
SRR18092712,28.9545,-26.7617,NA,range_2016_2018
SRR18092713,28.5608,-26.6638,NA,range_2016_2018
SRR18092714,28.2368,-26.0472,NA,range_2016_2018
SRR18092715,20.4248,-34.3779,NA,range_2016_2018
SRR18092716,24.82388889,-21.16083333,NA,range_2016_2018
SRR18092717,19.8875,-34.7258,NA,range_2016_2018
SRR18092718,19.6852,-34.5297,NA,range_2016_2018
SRR18092719,18.6778,-32.1902,NA,range_2016_2018
SRR18092720,18.8463,-32.8137,NA,range_2016_2018
SRR18092721,26.8031,-26.3324,NA,range_2016_2018
SRR18092722,18.953,-32.3999,NA,range_2016_2018
SRR18092723,18.7889,-32.0275,NA,range_2016_2018
SRR18092724,18.6997,-31.6777,NA,range_2016_2018
SRR18092725,18.5644,-31.285,NA,range_2016_2018
SRR18092726,18.2393,-30.976,NA,range_2016_2018
SRR18092727,24.52722222,-20.83166667,NA,range_2016_2018
SRR18092728,18.0193,-30.6078,NA,range_2016_2018
SRR18092729,17.9029,-30.2203,NA,range_2016_2018
SRR18092730,17.8733,-29.8612,NA,range_2016_2018
SRR18092731,18.1006,-29.5604,NA,range_2016_2018
SRR18092732,18.5701,-29.4174,NA,range_2016_2018
SRR18092733,27.2703,-26.2458,NA,range_2016_2018
SRR18092734,19.0023,-29.1923,NA,range_2016_2018
SRR18092735,19.4821,-29.1037,NA,range_2016_2018
SRR18092736,19.911,-28.8792,NA,range_2016_2018
SRR18092737,20.4128,-28.819,NA,range_2016_2018
SRR18092738,24.63972222,-20.54361111,NA,range_2016_2018
SRR18092739,20.8278,-28.7399,NA,range_2016_2018
SRR18092740,21.1834,-28.4873,NA,range_2016_2018
SRR18092741,21.7468,-28.3733,NA,range_2016_2018
SRR18092742,22.2173,-28.2159,NA,range_2016_2018
SRR18092743,22.6611,-28.0279,NA,range_2016_2018
SRR18092744,28.2847,-25.5391,NA,range_2016_2018
SRR18092745,28.7395,-24.8808,NA,range_2016_2018
SRR18092746,29.1564,-24.5259,NA,range_2016_2018
SRR18092747,29.4769,-24.2471,NA,range_2016_2018
SRR18092748,29.8944,-23.9391,NA,range_2016_2018
SRR18092749,23.73916667,-20.07777778,NA,range_2016_2018
SRR18092750,23.0421,-27.8161,NA,range_2016_2018
SRR18092751,30.6682,-24.0025,NA,range_2016_2018
SRR18092752,30.4017,-23.8357,NA,range_2016_2018
SRR18092753,30.731,-23.5283,NA,range_2016_2018
SRR18092754,30.6762,-23.0539,NA,range_2016_2018
SRR18092755,30.1139,-23.0878,NA,range_2016_2018
SRR18092756,29.8148,-23.2963,NA,range_2016_2018
SRR18092757,29.5978,-23.7004,NA,range_2016_2018
SRR18092758,29.2892,-23.7602,NA,range_2016_2018
SRR18092759,28.8649,-23.6525,NA,range_2016_2018
SRR18092760,24.01027778,-20.18527778,NA,range_2016_2018
SRR18092761,28.5314,-23.3722,NA,range_2016_2018
SRR18092762,23.2781,-27.5065,NA,range_2016_2018
SRR18092763,28.4103,-23.6608,NA,range_2016_2018
SRR18092764,39.815,-13.2875,NA,range_2016_2018
SRR18092765,40.5705,-12.9657,NA,range_2016_2018
SRR18092766,40.2529,-13.1398,NA,range_2016_2018
SRR18092767,32.1439,-23.8458,NA,range_2016_2018
SRR18092768,39.7911,-13.0738,NA,range_2016_2018
SRR18092769,26.34583333,-21.42388889,NA,range_2016_2018
SRR18092770,39.4157,-12.9235,NA,range_2016_2018
SRR18092771,39.0278,-13.1136,NA,range_2016_2018
SRR18092772,37.9068,-13.415,NA,range_2016_2018
SRR18092773,37.5337,-13.2102,NA,range_2016_2018
SRR18092774,37.1055,-13.3541,NA,range_2016_2018
SRR18092775,36.6649,-13.3974,NA,range_2016_2018
SRR18092776,36.3268,-13.4935,NA,range_2016_2018
SRR18092777,36.032,-13.3649,NA,range_2016_2018
SRR18092778,32.2494,-24.0454,NA,range_2016_2018
SRR18092779,35.6308,-13.3506,NA,range_2016_2018
SRR18092780,26.63666667,-21.22666667,NA,range_2016_2018
SRR18092781,2.782,10.7116,NA,range_2016_2018
SRR18092782,35.0638,-12.9187,NA,range_2016_2018
SRR18092783,35.2329,-13.2695,NA,range_2016_2018
SRR18092784,35.3511,-13.7823,NA,range_2016_2018
SRR18092785,35.5037,-14.193,NA,range_2016_2018
SRR18092786,35.8845,-14.2297,NA,range_2016_2018
SRR18092787,36.2338,-14.3658,NA,range_2016_2018
SRR18092788,36.4411,-14.7414,NA,range_2016_2018
SRR18092789,36.9328,-15.1265,NA,range_2016_2018
SRR18092790,36.7976,-15.3536,NA,range_2016_2018
SRR18092791,32.6094,-24.3031,NA,range_2016_2018
SRR18092792,26.98333333,-21.24388889,NA,range_2016_2018
SRR18092793,37.1688,-16.0645,NA,range_2016_2018
SRR18092794,37.2021,-16.4274,NA,range_2016_2018
SRR18092795,37.0023,-16.8061,NA,range_2016_2018
SRR18092796,35.5268,-22.8608,NA,range_2016_2018
SRR18092797,34.7474,-24.6899,NA,range_2016_2018
SRR18092798,34.2731,-24.8274,NA,range_2016_2018
SRR18092799,33.7733,-25.0236,NA,range_2016_2018
SRR18092800,32.2686,-25.8292,NA,range_2016_2018
SRR18092801,32.0444,-25.9913,NA,range_2016_2018
SRR18092802,32.2672,-26.0777,NA,range_2016_2018
SRR18092803,32.4778,-26.3285,NA,range_2016_2018
SRR18092804,27.78361111,-20.65916667,NA,range_2016_2018
SRR18092805,32.6157,-26.0646,NA,range_2016_2018
SRR18092806,32.6576,-25.5185,NA,range_2016_2018
SRR18092807,33.3598,-24.6659,NA,range_2016_2018
SRR18092808,33.1054,-24.5101,NA,range_2016_2018
SRR18092809,31.9931,-25.4831,NA,range_2016_2018
SRR18092810,32.1775,-25.6369,NA,range_2016_2018
SRR18092811,32.5949,-23.6205,NA,range_2016_2018
SRR18092812,32.549,-25.9336,NA,range_2016_2018
SRR18092813,34.9499,-24.5306,NA,range_2016_2018
SRR18092814,35.2383,-24.2687,NA,range_2016_2018
SRR18092815,27.72555556,-20.895,NA,range_2016_2018
SRR18092816,32.60018861,-18.91692833,NA,range_2016_2018
SRR18092817,31.91685583,-19.96688361,NA,range_2016_2018
SRR18092818,31.38347806,-19.96691278,NA,range_2016_2018
SRR18092819,32.80007444,-16.95026278,NA,range_2016_2018
SRR18092820,31.05004944,-17.38343083,NA,range_2016_2018
SRR18092821,27.499382,-24.495427,NA,range_2016_2018
SRR18092822,27.499382,-24.495427,NA,range_2016_2018
SRR18092823,27.499382,-24.495427,NA,range_2016_2018
SRR18092824,27.499382,-24.495427,NA,range_2016_2018
SRR18092825,27.4840057,-24.5286327,NA,range_2016_2018
SRR18092826,27.59055556,-21.41055556,NA,range_2016_2018
SRR18092827,27.4840057,-24.5286327,NA,range_2016_2018
SRR18092828,27.4840057,-24.5286327,NA,range_2016_2018
SRR18092829,27.4767,-24.5361,NA,range_2016_2018
SRR18092830,27.4767,-24.5361,NA,range_2016_2018
SRR18092831,27.4767,-24.5361,NA,range_2016_2018
SRR18092832,27.4767,-24.5361,NA,range_2016_2018
SRR18092833,20.715,-26.1586,NA,range_2016_2018
SRR18092834,20.7154,-26.1589,NA,range_2016_2018
SRR18092835,20.7154,-26.1571,NA,range_2016_2018
SRR18092836,20.4427,-25.9238,NA,range_2016_2018
SRR18092837,27.82,-21.84388889,NA,range_2016_2018
SRR18092838,20.4429,-25.9236,NA,range_2016_2018
SRR18092839,20.4426,-25.9235,NA,range_2016_2018
SRR18092840,20.4424,-25.9237,NA,range_2016_2018
SRR18092841,20.4018,-26.0206,NA,range_2016_2018
SRR18092842,20.4019,-26.0209,NA,range_2016_2018
SRR18092843,20.4017,-26.0207,NA,range_2016_2018
SRR18092844,20.402,-26.0207,NA,range_2016_2018
SRR18092845,38.342778,-3.371389,NA,range_2016_2018
SRR18092846,37.274483,-2.724067,NA,range_2016_2018
SRR18092847,37.14565,-2.67355,NA,range_2016_2018
SRR18092848,27.81833333,-22.18638889,NA,range_2016_2018
SRR18092849,37.2589,-2.6825,NA,range_2016_2018
SRR18092850,37.537533,-2.454183,NA,range_2016_2018
SRR18092851,36.050167,-0.223283,NA,range_2016_2018
SRR18092852,36.062817,-0.432617,NA,range_2016_2018
SRR18092853,36.069367,-0.333833,NA,range_2016_2018
SRR18092854,37.685433,-1.122567,NA,range_2016_2018
SRR18092855,37.255833,-1.139683,NA,range_2016_2018
SRR18092856,38.337583,-3.442139,NA,range_2016_2018
SRR18092857,36.6447,-1.447367,NA,range_2016_2018
SRR18092858,36.637567,-1.39605,NA,range_2016_2018
SRR18092859,28.15638889,-22.27944444,NA,range_2016_2018
SRR18092860,29.81675778,-16.98345417,NA,range_2016_2018
SRR18092861,30.11676472,-17.35000694,NA,range_2016_2018
SRR18092862,30.63333778,-17.56675694,NA,range_2016_2018
SRR18092863,-2.9668,8.2239,NA,range_2016_2018
SRR18092864,-2.9493,7.9394,NA,range_2016_2018
SRR18092865,29.050115,-20.43356639,NA,range_2016_2018
SRR18092866,-3.2176,7.6655,NA,range_2016_2018
SRR18092867,-3.213,7.2709,NA,range_2016_2018
SRR18092868,-3.4232,7.1151,NA,range_2016_2018
SRR18092869,-7.5628,9.4731,NA,range_2016_2018
SRR18092870,-7.5891,9.0615,NA,range_2016_2018
SRR18092871,-7.4689,8.6645,NA,range_2016_2018
SRR18092872,-7.662,8.3026,NA,range_2016_2018
SRR18092873,-3.7001,6.6582,NA,range_2016_2018
SRR18092874,-7.6694,7.8807,NA,range_2016_2018
SRR18092875,-7.6207,7.5106,NA,range_2016_2018
SRR18092876,2.715,9.8414,NA,range_2016_2018
SRR18092877,-7.5568,7.1254,NA,range_2016_2018
SRR18092878,-7.3752,6.7546,NA,range_2016_2018
SRR18092879,-6.9143,6.7522,NA,range_2016_2018
SRR18092880,-6.6137,8.573,NA,range_2016_2018
SRR18092881,-6.6237,8.1386,NA,range_2016_2018
SRR18092882,-6.5805,7.7366,NA,range_2016_2018
SRR18092883,-6.4824,7.3327,NA,range_2016_2018
SRR18092884,-6.4661,6.7943,NA,range_2016_2018
SRR18092885,-3.8309,6.313,NA,range_2016_2018
SRR18092886,-6.5295,6.4004,NA,range_2016_2018
SRR18092887,2.5672,9.2285,NA,range_2016_2018
SRR18092888,-6.608,5.6179,NA,range_2016_2018
SRR18092889,-6.6079,5.6179,NA,range_2016_2018
SRR18092890,-6.5454,5.2202,NA,range_2016_2018
SRR18092891,-6.0419,6.087,NA,range_2016_2018
SRR18092892,28.6,-14.11674389,NA,range_2016_2018
SRR18092893,21.87444444,-18.32722222,NA,range_2016_2018
SRR18092894,30.5006,-13.06675972,NA,range_2016_2018
SRR18092895,30.83441667,-12.80012528,NA,range_2016_2018
SRR18092896,30.198611,-12.41677139,NA,range_2016_2018
SRR18092897,30.16932222,-12.03361083,NA,range_2016_2018
SRR18092898,30.33568056,-11.65025556,NA,range_2016_2018
SRR18092899,30.66741944,-11.35002861,NA,range_2016_2018
SRR18092900,30.00064722,-10.96692306,NA,range_2016_2018
SRR18092901,30.1684,-10.60017917,NA,range_2016_2018
SRR18092902,30.33393611,-10.33361056,NA,range_2016_2018
SRR18092903,30.66788333,-10.116685,NA,range_2016_2018
SRR18092904,22.1625,-18.62722222,NA,range_2016_2018
SRR18092905,28.40013944,-14.48340083,NA,range_2016_2018
SRR18092906,30.66939722,-9.70001,NA,range_2016_2018
SRR18092907,30.66874722,-9.350083889,NA,range_2016_2018
SRR18092908,30.66745,-9.016793056,NA,range_2016_2018
SRR18092909,30.16818333,-9.216750556,NA,range_2016_2018
SRR18092910,30.83410278,-9.050186667,NA,range_2016_2018
SRR18092911,30.50193611,-9.100069167,NA,range_2016_2018
SRR18092912,30.3365278,-8.866715556,NA,range_2016_2018
SRR18092913,30.168425,-9.100093333,NA,range_2016_2018
SRR18092914,30.16765278,-9.683602222,NA,range_2016_2018
SRR18092915,22.36694444,-18.965,NA,range_2016_2018
SRR18092916,28.05024222,-14.75024944,NA,range_2016_2018
SRR18092917,30.16828889,-10.10019972,NA,range_2016_2018
SRR18092918,30.91675194,-10.21674611,NA,range_2016_2018
SRR18092919,30.5168525,-10.23350083,NA,range_2016_2018
SRR18092920,30.1001075,-10.183475,NA,range_2016_2018
SRR18092921,29.7002325,-10.26683389,NA,range_2016_2018
SRR18092922,29.31672694,-10.38356417,NA,range_2016_2018
SRR18092923,29.06693,-10.75003278,NA,range_2016_2018
SRR18092924,28.3363,-24.0501,NA,range_2016_2018
SRR18092925,28.1296,-24.3976,NA,range_2016_2018
SRR18092926,28.4317,-24.7322,NA,range_2016_2018
SRR18092927,28.2931,-25.085,NA,range_2016_2018
SRR18092928,27.9684,-25.1708,NA,range_2016_2018
SRR18092929,28.1658,-25.5774,NA,range_2016_2018
SRR18092930,23.778,-27.3472,NA,range_2016_2018
SRR18092931,24.33638889,-20.23611111,NA,range_2016_2018
SRR18092932,19.86364,-31.48176,NA,range_2016_2018
SRR18092933,19.47549,-30.98621,NA,range_2016_2018
SRR18092934,19.45327,-31.14701,NA,range_2016_2018
SRR18092935,19.50715,-31.28177,NA,range_2016_2018
SRR18092936,19.56867,-31.4107,NA,range_2016_2018
SRR18092937,31.38355833,-17.13346806,NA,range_2016_2018
SRR18092938,16.9083,-28.1118,NA,range_2016_2018
SRR18092939,16.9085,-28.1118,NA,range_2016_2018
SRR18092940,16.908,-28.1113,NA,range_2016_2018
SRR18092941,16.9076,-28.1116,NA,range_2016_2018
SRR18092942,25.03222222,-20.32416667,NA,range_2016_2018
SRR18092943,2.9192,11.1131,NA,range_2016_2018
SRR18092944,17.1181,-28.2162,NA,range_2016_2018
SRR18092945,17.1183,-28.2161,NA,range_2016_2018
SRR18092946,17.1184,-28.2155,NA,range_2016_2018
SRR18092947,17.1181,-28.1898,NA,range_2016_2018
SRR18092948,17.1179,-28.19,NA,range_2016_2018
SRR18092949,17.1181,-28.19,NA,range_2016_2018
SRR18092950,17.1179,-28.19,NA,range_2016_2018
SRR18092951,20.07042,-31.46475,NA,range_2016_2018
SRR18092952,20.35298,-31.3958,NA,range_2016_2018
SRR18092953,20.56223,-31.37447,NA,range_2016_2018
SRR18092954,25.26305556,-20.29333333,NA,range_2016_2018
SRR18092955,20.76834,-31.36319,NA,range_2016_2018
SRR18092956,24.04122,-29.68034,NA,range_2016_2018
SRR18092957,23.89255,-29.80303,NA,range_2016_2018
SRR18092958,23.7313,-29.90781,NA,range_2016_2018
SRR18092959,23.66441,-30.06635,NA,range_2016_2018
SRR18092960,23.62057,-30.2363,NA,range_2016_2018
SRR18092961,23.57194,-30.40216,NA,range_2016_2018
SRR18092962,23.51323,-30.56789,NA,range_2016_2018
SRR18092963,25.02091,-29.38925,NA,range_2016_2018
SRR18092964,24.90406,-29.53241,NA,range_2016_2018
SRR18092965,25.97111111,-20.29611111,NA,range_2016_2018
SRR18092966,24.81376,-29.70211,NA,range_2016_2018
SRR18092967,24.69885,-29.83126,NA,range_2016_2018
SRR18092968,24.59786,-29.96448,NA,range_2016_2018
SRR18092969,24.42949,-29.88748,NA,range_2016_2018
SRR18092970,24.34475,-29.74635,NA,range_2016_2018
SRR18092971,24.17634,-29.66287,NA,range_2016_2018
SRR18092972,20.97328,-31.30879,NA,range_2016_2018
SRR18092973,21.2013,-31.2549,NA,range_2016_2018
SRR18092974,21.4205,-31.2528,NA,range_2016_2018
SRR18092975,21.60795,-31.13132,NA,range_2016_2018
SRR18092976,24.49194444,-18.33166667,NA,range_2016_2018
SRR18092977,21.81584,-31.06651,NA,range_2016_2018
SRR18092978,22.01715,-30.9939,NA,range_2016_2018
SRR18092979,22.20983,-30.9536,NA,range_2016_2018
SRR18092980,22.3755,-30.82479,NA,range_2016_2018
SRR18092981,22.55751,-30.74865,NA,range_2016_2018
SRR18092982,22.71713,-30.64258,NA,range_2016_2018
SRR18092983,22.90342,-30.5812,NA,range_2016_2018
SRR18092984,23.09599,-30.56752,NA,range_2016_2018
SRR18092985,23.30268,-30.56583,NA,range_2016_2018
SRR18092986,17.3768,-30.1414,NA,range_2016_2018
SRR18092987,24.99805556,-18.08194444,NA,range_2016_2018
SRR18092988,2.6616,10.2195,NA,range_2016_2018
SRR18092989,38.137467,0.2645,NA,range_2016_2018
SRR18092990,36.9546,0,NA,range_2016_2018
SRR18092991,36.935333,0.0331,NA,range_2016_2018
SRR18092992,37.148333,-0.31815,NA,range_2016_2018
SRR18092993,36.956867,-1.434717,NA,range_2016_2018
SRR18092994,36.900967,-1.411133,NA,range_2016_2018
SRR18092995,36.797983,-0.750333,NA,range_2016_2018
SRR18092996,38.346389,-3.482061,NA,range_2016_2018
SRR18092997,36.771133,-1.368283,NA,range_2016_2018
SRR18092998,36.788367,-1.349383,NA,range_2016_2018
SRR18092999,27.75694444,-22.74194444,NA,range_2016_2018
SRR18093000,38.064617,-2.902567,NA,range_2016_2018
SRR18093001,38.0051,-2.917233,NA,range_2016_2018
SRR18093002,38.023,-2.984233,NA,range_2016_2018
SRR18093003,38.131333,-2.7473,NA,range_2016_2018
SRR18093004,38.825233,-3.353617,NA,range_2016_2018
SRR18093005,39.373183,-4.645033,NA,range_2016_2018
SRR18093006,39.376517,-4.658833,NA,range_2016_2018
SRR18093007,39.5113,-4.429517,NA,range_2016_2018
SRR18093008,38.34555556,-3.48595,NA,range_2016_2018
SRR18093009,39.546967,-4.393383,NA,range_2016_2018
SRR18093010,28.07333333,-23.22888889,NA,range_2016_2018
SRR18093011,39.435767,-4.1381,NA,range_2016_2018
SRR18093012,39.44694444,-4.176944,NA,range_2016_2018
SRR18093013,39.441367,-4.222367,NA,range_2016_2018
SRR18093014,39.98985,-3.300183,NA,range_2016_2018
SRR18093015,40.124833,-3.149361,NA,range_2016_2018
SRR18093016,39.69472222,-3.793139,NA,range_2016_2018
SRR18093017,39.72055,-4.017133,NA,range_2016_2018
SRR18093018,38.72775,-3.637556,NA,range_2016_2018
SRR18093019,37.255667,-0.002667,NA,range_2016_2018
SRR18093020,37.4943,-0.204167,NA,range_2016_2018
SRR18093021,28.05861111,-23.04194444,NA,range_2016_2018
SRR18093022,37.452617,-0.172167,NA,range_2016_2018
SRR18093023,37.44615,-0.161383,NA,range_2016_2018
SRR18093024,37.6,-0.313333,NA,range_2016_2018
SRR18093025,37.48215,-0.3472,NA,range_2016_2018
SRR18093026,37.311367,-0.408167,NA,range_2016_2018
SRR18093027,36.842717,-0.462333,NA,range_2016_2018
SRR18093028,36.58583333,-0.100917,NA,range_2016_2018
SRR18093029,38.641333,-3.4535,NA,range_2016_2018
SRR18093030,37.59444444,-0.809806,NA,range_2016_2018
SRR18093031,36.642483,-1.213917,NA,range_2016_2018
SRR18093032,27.46277778,-22.9875,NA,range_2016_2018
SRR18093033,35.535,0,NA,range_2016_2018
SRR18093034,35.46694444,0.14122222,NA,range_2016_2018
SRR18093035,35.17361111,0.63227778,NA,range_2016_2018
SRR18093036,28.76671583,-20.0668175,NA,range_2016_2018
SRR18093037,29.15003,-19.78360444,NA,range_2016_2018
SRR18093038,27.10638889,-23.09583333,NA,range_2016_2018
SRR18093039,29.58349778,-19.68338389,NA,range_2016_2018
SRR18093040,29.78341083,-19.28360361,NA,range_2016_2018
SRR18093041,29.80000583,-18.85006306,NA,range_2016_2018
SRR18093042,29.83333472,-18.40012583,NA,range_2016_2018
SRR18093043,30.18348222,-18.11677028,NA,range_2016_2018
SRR18093044,26.03341667,-18.21693583,NA,range_2016_2018
SRR18093045,27.58355833,-18.81671111,NA,range_2016_2018
SRR18093046,28.03355722,-19.21675944,NA,range_2016_2018
SRR18093047,27.75011,-27.42842,NA,range_2016_2018
SRR18093048,27.64293,-27.56505,NA,range_2016_2018
SRR18093049,26.89138889,-23.71555556,NA,range_2016_2018
SRR18093050,27.44046,-27.59704,NA,range_2016_2018
SRR18093051,27.26235,-27.65301,NA,range_2016_2018
SRR18093052,27.11282,-27.71585,NA,range_2016_2018
SRR18093053,26.95082,-27.61292,NA,range_2016_2018
SRR18093054,26.76084,-27.57397,NA,range_2016_2018
SRR18093055,26.62716,-27.59181,NA,range_2016_2018
SRR18093056,26.48262,-27.73993,NA,range_2016_2018
SRR18093057,27.51076,-27.1932,NA,range_2016_2018
SRR18093058,27.60556,-27.31073,NA,range_2016_2018
SRR18093059,29.91748,-28.41794,NA,range_2016_2018
SRR18093060,26.64388889,-23.94083333,NA,range_2016_2018
SRR18093061,29.965,-28.23504,NA,range_2016_2018
SRR18093062,29.97788,-28.05684,NA,range_2016_2018
SRR18093063,29.96487,-27.88046,NA,range_2016_2018
SRR18093064,29.88701,-27.69775,NA,range_2016_2018
SRR18093065,29.73546,-27.62815,NA,range_2016_2018
SRR18093066,30.54163,-29.04536,NA,range_2016_2018
SRR18093067,30.38738,-28.96953,NA,range_2016_2018
SRR18093068,20.82083333,-26.91333333,NA,range_2016_2018
SRR18093069,21.99472222,-26.91916667,NA,range_2016_2018
SRR18093070,21.79388889,-26.91555556,NA,range_2016_2018
SRR18093071,22.17555556,-26.88277778,NA,range_2016_2018
SRR18093072,22.52083333,-26.43277778,NA,range_2016_2018
SRR18093073,22.485,-26.04861111,NA,range_2016_2018
SRR18093074,22.83972222,-25.83944444,NA,range_2016_2018
SRR18093075,23.09833333,-25.49861111,NA,range_2016_2018
SRR18093076,23.50388889,-25.28027778,NA,range_2016_2018
SRR18093077,23.51916667,-24.85333333,NA,range_2016_2018
SRR18093078,3.3686,11.7878,NA,range_2016_2018
SRR18093079,23.44277778,-24.47,NA,range_2016_2018
SRR18093080,21.97388889,-24.10472222,NA,range_2016_2018
SRR18093081,21.97361111,-24.10472222,NA,range_2016_2018
SRR18093082,22.41972222,-23.97555556,NA,range_2016_2018
SRR18093083,22.83277778,-23.84,NA,range_2016_2018
SRR18093084,22.53388889,-23.50916667,NA,range_2016_2018
SRR18093085,22.32611111,-23.03361111,NA,range_2016_2018
SRR18093086,22.00444444,-22.79194444,NA,range_2016_2018
SRR18093087,21.82555556,-22.44111111,NA,range_2016_2018
SRR18093088,27.16835278,-17.43341417,NA,range_2016_2018
SRR18093089,27.00004444,-17.05027028,NA,range_2016_2018
SRR18093090,27.66926389,-16.75014944,NA,range_2016_2018
SRR18093091,27.333725,-16.43337056,NA,range_2016_2018
SRR18093092,27.88341389,-12.55024139,NA,range_2016_2018
SRR18093093,27.16696944,-16.05002194,NA,range_2016_2018
SRR18093094,27.16868611,-15.63334528,NA,range_2016_2018
SRR18093095,27.00214722,-15.23354917,NA,range_2016_2018
SRR18093096,27.00173611,-15.0500325,NA,range_2016_2018
SRR18093097,27.33608056,-14.91685333,NA,range_2016_2018
SRR18093098,21.65305556,-21.9125,NA,range_2016_2018
SRR18093099,2.1487,6.6949,NA,range_2016_2018
SRR18093100,26.33482778,-14.86693194,NA,range_2016_2018
SRR18093101,26.66824444,-14.95023389,NA,range_2016_2018
SRR18093102,26.16923333,-14.9833425,NA,range_2016_2018
SRR18093103,26.16905833,-12.81693639,NA,range_2016_2018
SRR18093104,26.66713056,-14.9833725,NA,range_2016_2018
SRR18093105,26.00080556,-15.10001139,NA,range_2016_2018
SRR18093106,26.83442778,-15.36694333,NA,range_2016_2018
SRR18093107,26.6815278,-16.36674417,NA,range_2016_2018
SRR18093108,26.66674722,-16.03335278,NA,range_2016_2018
SRR18093109,26.336075,-15.96681167,NA,range_2016_2018
SRR18093110,28.88337556,-11.1500525,NA,range_2016_2018
SRR18093111,28.75014,-11.51693583,NA,range_2016_2018
SRR18093112,22.18111111,-19.58555556,NA,range_2016_2018
SRR18093113,28.73351583,-11.96671611,NA,range_2016_2018
SRR18093114,27.7838889,-15.13343694,NA,range_2016_2018
SRR18093115,28.3168625,-12.45010778,NA,range_2016_2018
SRR18093116,26.03359806,-12.66673417,NA,range_2016_2018
SRR18093117,26.26680528,-12.30008389,NA,range_2016_2018
SRR18093118,26.147222,-12.20019472,NA,range_2016_2018
SRR18093119,27.05018306,-12.33334528,NA,range_2016_2018
SRR18093120,27.48340722,-12.33347778,NA,range_2016_2018
SRR18093121,27.125278,-17.46671222,NA,range_2016_2018
SRR18093122,27.501925,-17.4001575,NA,range_2016_2018
SRR18093123,22.42972222,-19.95916667,NA,range_2016_2018
SRR18093124,20.2699,-33.8724,NA,range_2016_2018
SRR18093125,20.7917,-33.8578,NA,range_2016_2018
SRR18093126,24.2309,-27.1532,NA,range_2016_2018
SRR18093127,21.079,-33.6039,NA,range_2016_2018
SRR18093128,21.5427,-33.4732,NA,range_2016_2018
SRR18093129,22.0043,-33.5941,NA,range_2016_2018
SRR18093130,22.3398,-33.8096,NA,range_2016_2018
SRR18093131,22.8703,-33.7608,NA,range_2016_2018
SRR18093132,23.7523,-33.812,NA,range_2016_2018
SRR18093133,24.3226,-33.949,NA,range_2016_2018
SRR18093134,22.54222222,-20.35472222,NA,range_2016_2018
SRR18093135,24.8406,-34.0242,NA,range_2016_2018
SRR18093136,25.4355,-33.9499,NA,range_2016_2018
SRR18093137,24.68,-26.9822,NA,range_2016_2018
SRR18093138,26.3433,-33.6439,NA,range_2016_2018
SRR18093139,26.8485,-33.6047,NA,range_2016_2018
SRR18093140,27.3067,-33.3768,NA,range_2016_2018
SRR18093141,27.1463,-33.1285,NA,range_2016_2018
SRR18093142,27.3709,-32.8012,NA,range_2016_2018
SRR18093143,27.3837,-32.4677,NA,range_2016_2018
SRR18093144,27.1183,-32.1418,NA,range_2016_2018
SRR18093145,22.84194444,-20.51888889,NA,range_2016_2018
SRR18093146,3.1117,11.5175,NA,range_2016_2018
SRR18093147,27.0416,-31.447,NA,range_2016_2018
SRR18093148,25.1449,-26.8252,NA,range_2016_2018
SRR18093149,27.3779,-31.4455,NA,range_2016_2018
SRR18093150,27.6705,-31.0738,NA,range_2016_2018
SRR18093151,27.8942,-31.3485,NA,range_2016_2018
SRR18093152,28.2782,-31.1509,NA,range_2016_2018
SRR18093153,28.5235,-30.7632,NA,range_2016_2018
SRR18093154,28.666,-30.4204,NA,range_2016_2018
SRR18093155,29.1615,-30.4341,NA,range_2016_2018
SRR18093156,29.5581,-30.5096,NA,range_2016_2018
SRR18093157,22.90805556,-20.49916667,NA,range_2016_2018
SRR18093158,29.969,-30.6004,NA,range_2016_2018
SRR18093159,30.3106,-30.7258,NA,range_2016_2018
SRR18093160,25.5578,-26.629,NA,range_2016_2018
SRR18093161,31.2806,-29.4113,NA,range_2016_2018
SRR18093162,31.5155,-29.0881,NA,range_2016_2018
SRR18093163,31.8682,-28.8399,NA,range_2016_2018
SRR18093164,32.5534,-27.0971,NA,range_2016_2018
SRR18093165,32.4237,-27.6376,NA,range_2016_2018
SRR18093166,32.3056,-28.0105,NA,range_2016_2018
SRR18093167,32.2058,-28.357,NA,range_2016_2018
SRR18093168,23.40722222,-20.25222222,NA,range_2016_2018
SRR18093169,31.921,-28.1931,NA,range_2016_2018
SRR18093170,31.7031,-27.9028,NA,range_2016_2018
SRR18093171,31.4041,-27.8257,NA,range_2016_2018
SRR18093172,30.9818,-27.7429,NA,range_2016_2018
SRR18093173,30.4104,-27.7838,NA,range_2016_2018